0.5366730690002441
0.10458087921142578
0.10380959510803223
0.09781980514526367
0.09812450408935547
0.09760427474975586
0.09919238090515137
0.09908914566040039
0.09751343727111816
0.0991055965423584
0.09806227684020996
0.10169172286987305
0.09794735908508301
0.0984659194946289
0.09777259826660156
0.18057727813720703
0.10122418403625488
0.10155415534973145
0.0986180305480957
0.09967613220214844
0.09836149215698242
0.0980992317199707
0.09647464752197266
0.09822368621826172
0.09929347038269043
0.10222363471984863
0.0975797176361084
0.09780168533325195
0.03940558433532715
0.10006523132324219
0.09861493110656738
0.09972810745239258
0.09754037857055664
0.10297489166259766
0.09654521942138672
0.09970903396606445
0.09835553169250488
0.09893083572387695
0.0974879264831543
0.09927654266357422
0.09861969947814941
0.09919977188110352
0.0966176986694336
0.09740948677062988
0.09806323051452637
0.09699511528015137
0.09726595878601074
0.09940433502197266
0.09720969200134277
0.09851193428039551
0.09744024276733398
0.09841275215148926
0.09760808944702148
0.09732890129089355
0.10222339630126953
0.0973501205444336
0.09751462936401367
0.09794425964355469
0.1000826358795166
0.09937763214111328
0.0998373031616211
0.0972280502319336
0.09973740577697754
0.09775900840759277
0.09760689735412598
0.10254669189453125
0.09738969802856445
0.1002504825592041
0.09761905670166016
0.09797000885009766
0.09856748580932617
0.0996711254119873
0.09717726707458496
0.09856843948364258
0.03860950469970703
0.09801697731018066
0.09628129005432129
0.09728765487670898
0.09734654426574707
0.10557150840759277
0.09827780723571777
0.0996553897857666
0.09696841239929199
0.09995484352111816
0.09794402122497559
0.09815526008605957
0.038715362548828125
0.09656095504760742
0.09839797019958496
0.09814286231994629
0.09682798385620117
0.09978008270263672
0.0973057746887207
0.09789538383483887
0.09905624389648438
0.09843087196350098
0.09736180305480957
0.09962797164916992
0.038443565368652344
0.09841418266296387
0.09796380996704102
0.09818887710571289
0.09813499450683594
0.10146260261535645
0.09704804420471191
0.09971261024475098
0.09763813018798828
0.0980527400970459
0.09701657295227051
0.09874176979064941
0.09743905067443848
0.09711098670959473
0.09705281257629395
0.09943604469299316
0.09689736366271973
0.09713387489318848
0.09708237648010254
0.09855103492736816
0.038622140884399414
0.09769463539123535
0.09893250465393066
0.09790802001953125
0.09686160087585449
0.09867715835571289
0.09723591804504395
0.09813642501831055
0.09853458404541016
0.09831953048706055
0.09914398193359375
0.09729409217834473
0.1005246639251709
0.09633588790893555
0.0981590747833252
0.09766101837158203
0.09738898277282715
0.0970461368560791
0.09900951385498047
0.09746885299682617
0.09908461570739746
0.09771323204040527
0.09714913368225098
0.09888267517089844
0.09709477424621582
0.10424661636352539
0.09653329849243164
0.09752869606018066
0.09766030311584473
0.09645485877990723
0.09715557098388672
0.10317707061767578
0.09795427322387695
0.09756588935852051
0.09791207313537598
0.09809041023254395
0.09857869148254395
0.09733080863952637
0.09705471992492676
0.03858494758605957
0.09734559059143066
0.09753155708312988
0.09694337844848633
0.09809994697570801
0.0981442928314209
0.09700274467468262
0.09706616401672363
0.09721064567565918
0.09681916236877441
0.0997471809387207
0.09923124313354492
0.09741044044494629
0.09737277030944824
0.09904956817626953
0.039476633071899414
0.09902620315551758
0.09988260269165039
0.09751057624816895
0.09717869758605957
0.09718108177185059
0.0979306697845459
0.09695148468017578
0.09735608100891113
0.09855365753173828
0.0977482795715332
0.09984111785888672
0.09740686416625977
0.03868293762207031
0.09682607650756836
0.0989227294921875
0.09691834449768066
0.09753751754760742
0.09749174118041992
0.03929901123046875
0.09725356101989746
0.09797835350036621
0.038579702377319336
0.09855914115905762
0.09845733642578125
0.097442626953125
0.09800291061401367
0.09716987609863281
0.09733748435974121
0.09757828712463379
0.10098862648010254
0.09828853607177734
0.09787940979003906
0.09854722023010254
0.10360860824584961
0.10677671432495117
0.0978705883026123
0.09906578063964844
0.09822463989257812
0.09640741348266602
0.0388636589050293
0.09661245346069336
0.09766292572021484
0.03912234306335449
0.09740805625915527
0.1021418571472168
0.09930419921875
0.10727596282958984
0.10104703903198242
0.09988117218017578
0.09819841384887695
0.09755134582519531
0.0382535457611084
0.09729552268981934
0.09695744514465332
0.09722709655761719
0.09997272491455078
0.09784603118896484
0.09663748741149902
0.09675312042236328
0.09776091575622559
0.09669280052185059
0.1018826961517334
0.09847664833068848
0.10668134689331055
0.09668684005737305
0.09788274765014648
0.03838706016540527
0.03841423988342285
0.0977182388305664
0.09671545028686523
0.0971367359161377
0.09783554077148438
0.09707021713256836
0.09979391098022461
0.09618496894836426
0.09736847877502441
0.0980682373046875
0.09635472297668457
0.09839129447937012
0.09802365303039551
0.09699535369873047
0.09844589233398438
0.0983428955078125
0.09686398506164551
0.09794759750366211
0.09783792495727539
0.09708929061889648
0.09823870658874512
0.09722661972045898
0.09885382652282715
0.10170412063598633
0.09821367263793945
0.09707331657409668
0.1009664535522461
0.09770512580871582
0.09731864929199219
0.12764406204223633
0.10372376441955566
0.10018587112426758
0.09984540939331055
0.12160873413085938
0.09772706031799316
0.09732866287231445
0.09849691390991211
0.09935235977172852
0.0979607105255127
0.09953570365905762
0.09807372093200684
0.09841036796569824
0.0982363224029541
0.10375404357910156
0.104644775390625
0.10295367240905762
0.09813952445983887
0.09760761260986328
0.09873843193054199
0.09764313697814941
0.09993338584899902
0.0989065170288086
0.09700822830200195
0.09821271896362305
0.09760403633117676
0.09740519523620605
0.09817171096801758
0.09670686721801758
0.10142087936401367
0.09787416458129883
0.03854656219482422
0.09769105911254883
0.09875607490539551
0.09854865074157715
0.09948229789733887
0.03920888900756836
0.09778857231140137
0.0965566635131836
0.09677362442016602
0.038269996643066406
0.09816861152648926
0.09982562065124512
0.09687948226928711
0.09983634948730469
0.09832906723022461
0.09816956520080566
0.10106873512268066
0.09735608100891113
0.09745073318481445
0.09799027442932129
0.09807705879211426
0.09833073616027832
0.09771442413330078
0.09789395332336426
0.09758114814758301
0.09717297554016113
0.09759902954101562
0.1028435230255127
0.09880995750427246
0.038436174392700195
0.09893321990966797
0.09838056564331055
0.09739327430725098
0.09969258308410645
0.0972144603729248
0.09750175476074219
0.0971994400024414
0.09850645065307617
0.09894967079162598
0.09862351417541504
0.09682774543762207
0.09701871871948242
0.039029598236083984
0.09756088256835938
0.09801435470581055
0.09829902648925781
0.09951972961425781
0.0974884033203125
0.0966343879699707
0.09865069389343262
0.09820747375488281
0.10735273361206055
0.0392909049987793
0.09622764587402344
0.09918951988220215
0.09733152389526367
0.0384061336517334
0.11767458915710449
0.03857135772705078
0.09748291969299316
0.0967104434967041
0.09695887565612793
0.10225892066955566
0.09722113609313965
0.09749984741210938
0.10082292556762695
0.09662270545959473
0.09838271141052246
0.09694862365722656
0.09818100929260254
0.09718441963195801
0.04070234298706055
0.038654327392578125
0.09989643096923828
0.1022794246673584
0.09710931777954102
0.09850358963012695
0.09716200828552246
0.09811663627624512
0.09923768043518066
0.09816455841064453
0.09792613983154297
0.09633946418762207
0.09966635704040527
0.09766077995300293
0.09752321243286133
0.09767723083496094
0.09793782234191895
0.09745192527770996
0.040097951889038086
0.10071420669555664
0.09689521789550781
0.09818172454833984
0.09952878952026367
0.09818482398986816
0.09802818298339844
0.0991964340209961
0.09975290298461914
0.0977792739868164
0.0982351303100586
0.09532475471496582
0.09656691551208496
0.09813690185546875
0.09725356101989746
0.09711432456970215
0.09969186782836914
0.09801054000854492
0.10038208961486816
0.10105347633361816
0.0384831428527832
0.09707021713256836
0.09982728958129883
0.09900403022766113
0.09739375114440918
0.09740853309631348
0.09787559509277344
0.09852266311645508
0.09720993041992188
0.10572409629821777
0.09806203842163086
0.09970617294311523
0.09803605079650879
0.09727978706359863
0.09826087951660156
0.0974283218383789
0.09719133377075195
0.09832096099853516
0.09801268577575684
0.09732866287231445
0.09786701202392578
0.09734272956848145
0.09699630737304688
0.10322880744934082
0.0989084243774414
0.09913921356201172
0.09842181205749512
0.09883594512939453
0.0974268913269043
0.09666323661804199
0.09662342071533203
0.11595296859741211
0.09822368621826172
0.10286879539489746
0.09719133377075195
0.09735369682312012
0.09910750389099121
0.09648513793945312
0.09624266624450684
0.039389610290527344
0.09923434257507324
0.09716367721557617
0.09788942337036133
0.0966942310333252
0.09777450561523438
0.09801340103149414
0.09660696983337402
0.10221147537231445
0.03937196731567383
0.038289546966552734
0.09756660461425781
0.09771418571472168
0.09773778915405273
0.09718155860900879
0.09840226173400879
0.09696388244628906
0.10092592239379883
0.09732985496520996
0.09730410575866699
0.09859108924865723
0.10177350044250488
0.09776949882507324
0.09810423851013184
0.09817314147949219
0.09930276870727539
0.10187077522277832
0.09708809852600098
0.09802937507629395
0.09787344932556152
0.10656237602233887
0.0972435474395752
0.09886336326599121
0.09750962257385254
0.09893631935119629
0.09705138206481934
0.09871220588684082
0.09823346138000488
0.09746909141540527
0.09773850440979004
0.11868786811828613
0.09722900390625
0.09718632698059082
0.09808635711669922
0.09933996200561523
0.10235929489135742
0.0992436408996582
0.0982203483581543
0.09740781784057617
0.09717440605163574
0.09988760948181152
0.09752821922302246
0.09685921669006348
0.09850907325744629
0.09841537475585938
0.09622764587402344
0.09638690948486328
0.03862404823303223
0.09825015068054199
0.0975337028503418
0.09918642044067383
0.10232686996459961
0.09703803062438965
0.09717488288879395
0.09828805923461914
0.09706759452819824
0.09825944900512695
0.03864097595214844
0.09804010391235352
0.09837794303894043
0.09986257553100586
0.09781336784362793
0.10188817977905273
0.09933066368103027
0.10048651695251465
0.09827160835266113
0.09986615180969238
0.09849143028259277
0.0971536636352539
0.09679532051086426
0.09797382354736328
0.09779000282287598
0.09725666046142578
0.09890198707580566
0.09676766395568848
0.09806942939758301
0.10019087791442871
0.0971078872680664
0.09743976593017578
0.09787440299987793
0.09833431243896484
0.1157224178314209
0.10191917419433594
0.0970449447631836
0.09689188003540039
0.09726786613464355
0.0982048511505127
0.0971987247467041
0.09734392166137695
0.0982351303100586
0.09832096099853516
0.09715962409973145
0.09710693359375
0.09788084030151367
0.09868836402893066
0.0988163948059082
0.09888648986816406
0.09799718856811523
0.09843111038208008
0.09713435173034668
0.03867626190185547
0.09846663475036621
0.0977175235748291
0.09856820106506348
0.09873652458190918
0.09770512580871582
0.09794926643371582
0.10022735595703125
0.09845542907714844
0.09805631637573242
0.09904360771179199
0.09990310668945312
0.09891343116760254
0.09727883338928223
0.09867072105407715
0.09813714027404785
0.09696602821350098
0.09715795516967773
0.10019850730895996
0.10682296752929688
0.09830093383789062
0.09785294532775879
0.09894943237304688
0.09733104705810547
0.10519266128540039
0.09938955307006836
0.10011076927185059
0.10031580924987793
0.09720325469970703
0.10261869430541992
0.09920811653137207
0.10164523124694824
0.10051727294921875
0.03860831260681152
0.09705853462219238
0.09926509857177734
0.09737658500671387
0.038659095764160156
0.09892654418945312
0.09906005859375
0.09917044639587402
0.09836864471435547
0.09716057777404785
0.09765410423278809
0.09891486167907715
0.038622140884399414
0.09958338737487793
0.10766124725341797
0.09811687469482422
0.09904217720031738
0.09797072410583496
0.09766769409179688
0.03963112831115723
0.09878110885620117
0.09793639183044434
0.09743165969848633
0.0997314453125
0.09807658195495605
0.09888553619384766
0.03857588768005371
0.09809756278991699
0.09920120239257812
0.09813594818115234
0.09697675704956055
0.09834480285644531
0.09843277931213379
0.03872227668762207
0.09783744812011719
0.09994220733642578
0.09781479835510254
0.09774160385131836
0.0983433723449707
0.09865736961364746
0.09732413291931152
0.09824252128601074
0.0975651741027832
0.09924912452697754
0.09824013710021973
0.038654327392578125
0.09928560256958008
0.09886789321899414
0.1014244556427002
0.09710192680358887
0.09803366661071777
0.09835982322692871
0.09705305099487305
0.1002497673034668
0.0973978042602539
0.09965348243713379
0.10145688056945801
0.09826016426086426
0.09740257263183594
0.09846687316894531
0.09885311126708984
0.09961318969726562
0.09904241561889648
0.10626673698425293
0.09891223907470703
0.03881096839904785
0.09803009033203125
0.10207104682922363
0.09839558601379395
0.09746193885803223
0.0977017879486084
0.09964466094970703
0.09859085083007812
0.09819698333740234
0.09791445732116699
0.09833025932312012
0.09741568565368652
0.09839844703674316
0.10378456115722656
0.09776449203491211
0.09816765785217285
0.09846019744873047
0.10002517700195312
0.09698295593261719
0.0978860855102539
0.09746432304382324
0.09710693359375
0.09801244735717773
0.09836292266845703
0.09833359718322754
0.09906578063964844
0.09758615493774414
0.09790730476379395
0.09705758094787598
0.09673428535461426
0.09783053398132324
0.09877586364746094
0.0983114242553711
0.09884405136108398
0.09684896469116211
0.0974738597869873
0.09992337226867676
0.11688780784606934
0.03848743438720703
0.09798002243041992
0.10234284400939941
0.09908914566040039
0.09794974327087402
0.09943151473999023
0.09952497482299805
0.09855413436889648
0.09800148010253906
0.0987386703491211
0.10035061836242676
0.09870362281799316
0.09863090515136719
0.09806704521179199
0.09877204895019531
0.09777545928955078
0.09852194786071777
0.09768557548522949
0.09772443771362305
0.10585832595825195
0.0997011661529541
0.09844708442687988
0.09699344635009766
0.09778761863708496
0.09795737266540527
0.09829568862915039
0.09875845909118652
0.09928178787231445
0.0977468490600586
0.10046720504760742
0.09873771667480469
0.09763240814208984
0.10000967979431152
0.09930205345153809
0.09941220283508301
0.09878063201904297
0.09757304191589355
0.09881806373596191
0.0983576774597168
0.0984344482421875
0.09719181060791016
0.0976874828338623
0.09942388534545898
0.10295629501342773
0.0395960807800293
0.09787487983703613
0.10002636909484863
0.09892940521240234
0.09968066215515137
0.09788703918457031
0.09763288497924805
0.0986323356628418
0.09802484512329102
0.09746980667114258
0.10151410102844238
0.09999537467956543
0.10088753700256348
0.11748242378234863
0.09775233268737793
0.1015615463256836
0.10019874572753906
0.10035848617553711
0.09881901741027832
0.0992588996887207
0.0979452133178711
0.09750747680664062
0.03976893424987793
0.09886860847473145
0.0997014045715332
0.0385282039642334
0.10286474227905273
0.09809637069702148
0.09906411170959473
0.09685778617858887
0.09749126434326172
0.0973215103149414
0.09792613983154297
0.11830377578735352
0.09629106521606445
0.09914970397949219
0.09787988662719727
0.10088181495666504
0.09644269943237305
0.0976402759552002
0.09893798828125
0.09745478630065918
0.09716200828552246
0.09870362281799316
0.09874534606933594
0.09895682334899902
0.0981907844543457
0.03899049758911133
0.09796833992004395
0.10103034973144531
0.09924030303955078
0.09759283065795898
0.09652113914489746
0.0971837043762207
0.09820342063903809
0.09782934188842773
0.03884267807006836
0.09779787063598633
0.10918521881103516
0.09726548194885254
0.0978400707244873
0.09645748138427734
0.09912252426147461
0.09960770606994629
0.09755611419677734
0.09711933135986328
0.09700417518615723
0.09764909744262695
0.09885644912719727
0.10143756866455078
0.09998559951782227
0.09783101081848145
0.10575008392333984
0.10291814804077148
0.10187029838562012
0.09747028350830078
0.09819793701171875
0.10235047340393066
0.09743928909301758
0.03861856460571289
0.03969931602478027
0.09951329231262207
0.09616994857788086
0.10027670860290527
0.09955596923828125
0.09683966636657715
0.09769105911254883
0.09849286079406738
0.09798860549926758
0.09708857536315918
0.10166716575622559
0.0996856689453125
0.09701037406921387
0.0972893238067627
0.10072970390319824
0.09880876541137695
0.10019302368164062
0.09810376167297363
0.09855294227600098
0.10124540328979492
0.09790229797363281
0.09922194480895996
0.09949779510498047
0.10746264457702637
0.0991206169128418
0.03866219520568848
0.03883838653564453
0.09717535972595215
0.09759140014648438
0.10523509979248047
0.0972597599029541
0.09987449645996094
0.10001397132873535
0.09822511672973633
0.1159670352935791
0.09725403785705566
0.09788942337036133
0.09924459457397461
0.0975193977355957
0.09989714622497559
0.09694600105285645
0.09729957580566406
0.09621095657348633
0.10153722763061523
0.09727096557617188
0.09775900840759277
0.10161781311035156
0.09893369674682617
0.09875226020812988
0.09893393516540527
0.09903955459594727
0.09931755065917969
0.09800267219543457
0.09805679321289062
0.10479927062988281
0.09871673583984375
0.09703469276428223
0.10353493690490723
0.09968423843383789
0.09871244430541992
0.09861350059509277
0.09753608703613281
0.1029365062713623
0.09818625450134277
0.09806299209594727
0.0981588363647461
0.09780168533325195
0.09826898574829102
0.0978384017944336
0.09900903701782227
0.09857487678527832
0.03859901428222656
0.0982198715209961
0.10136747360229492
0.09901165962219238
0.09861636161804199
0.0978085994720459
0.09799861907958984
0.09894680976867676
0.09787297248840332
0.0966496467590332
0.0973215103149414
0.09820723533630371
0.10179471969604492
0.0975961685180664
0.09723734855651855
0.09879469871520996
0.09871387481689453
0.09753966331481934
0.09852957725524902
0.09817767143249512
0.09970951080322266
0.09775090217590332
0.10669350624084473
0.1024940013885498
0.09904813766479492
0.09867334365844727
0.10117864608764648
0.09894585609436035
0.0981452465057373
0.09899759292602539
0.038634538650512695
0.09729623794555664
0.09791421890258789
0.09796619415283203
0.09874439239501953
0.09924721717834473
0.03879833221435547
0.09743928909301758
0.09757471084594727
0.09810256958007812
0.09785723686218262
0.09679198265075684
0.09804701805114746
0.09682726860046387
0.09691381454467773
0.0979928970336914
0.09862899780273438
0.0981295108795166
0.0983283519744873
0.0993194580078125
0.09946274757385254
0.09842109680175781
0.09877800941467285
0.09806394577026367
0.09760904312133789
0.09755253791809082
0.09896969795227051
0.0999288558959961
0.09830784797668457
0.09768891334533691
0.09783387184143066
0.0980215072631836
0.09697198867797852
0.09828853607177734
0.09899711608886719
0.0999455451965332
0.09771037101745605
0.09811902046203613
0.09827661514282227
0.0994117259979248
0.0981438159942627
0.09763932228088379
0.09815716743469238
0.09850549697875977
0.09954404830932617
0.09873843193054199
0.09842610359191895
0.0984044075012207
0.09691071510314941
0.09967660903930664
0.09963059425354004
0.1003572940826416
0.09758758544921875
0.09767413139343262
0.0993659496307373
0.0983278751373291
0.09853196144104004
0.09900736808776855
0.10110974311828613
0.09968280792236328
0.0986783504486084
0.09845185279846191
0.09946393966674805
0.09719085693359375
0.09817981719970703
0.09749293327331543
0.09646821022033691
0.09824514389038086
0.09791779518127441
0.09789347648620605
0.09937858581542969
0.09799623489379883
0.09726190567016602
0.09761524200439453
0.09853601455688477
0.09850168228149414
0.09846282005310059
0.09716033935546875
0.0976412296295166
0.09687137603759766
0.09694790840148926
0.10088419914245605
0.09721612930297852
0.09826874732971191
0.03903007507324219
0.039633750915527344
0.09731388092041016
0.11607074737548828
0.09818601608276367
0.10149478912353516
0.03904891014099121
0.09977889060974121
0.09716939926147461
0.09923243522644043
0.1007840633392334
0.09960079193115234
0.09678053855895996
0.09793305397033691
0.09772968292236328
0.03863072395324707
0.0978238582611084
0.09847450256347656
0.09703683853149414
0.09916019439697266
0.09771203994750977
0.09780669212341309
0.0996391773223877
0.0989377498626709
0.09595656394958496
0.09674620628356934
0.03875994682312012
0.0978231430053711
0.09951233863830566
0.09759783744812012
0.09745645523071289
0.0999758243560791
0.03870248794555664
0.09735345840454102
0.09700465202331543
0.09817171096801758
0.09850049018859863
0.09825992584228516
0.0977170467376709
0.09694552421569824
0.0977165699005127
0.10644054412841797
0.09682083129882812
0.11052632331848145
0.09769058227539062
0.03883028030395508
0.09940719604492188
0.09917521476745605
0.09742498397827148
0.09946179389953613
0.09923601150512695
0.09721064567565918
0.09925603866577148
0.09851551055908203
0.0988917350769043
0.09846258163452148
0.03907489776611328
0.10028648376464844
0.10086488723754883
0.09742283821105957
0.09882426261901855
0.09854626655578613
0.09824609756469727
0.03904438018798828
0.039869070053100586
0.09890198707580566
0.10044670104980469
0.04075431823730469
0.0989227294921875
0.09799838066101074
0.0986790657043457
0.09858202934265137
0.09864115715026855
0.09666252136230469
0.09804749488830566
0.09711503982543945
0.09798932075500488
0.03867769241333008
0.09833812713623047
0.09964990615844727
0.0981137752532959
0.09827542304992676
0.09733796119689941
0.09866213798522949
0.09805631637573242
0.09862637519836426
0.09642481803894043
0.09785079956054688
0.09716320037841797
0.09926819801330566
0.09735798835754395
0.09780383110046387
0.09753131866455078
0.09705495834350586
0.09778499603271484
0.09963130950927734
0.09770321846008301
0.0978543758392334
0.10096573829650879
0.10014057159423828
0.09828376770019531
0.09704971313476562
0.09830904006958008
0.09766364097595215
0.09777331352233887
0.09763598442077637
0.0969090461730957
0.09791183471679688
0.09674954414367676
0.09787297248840332
0.03853607177734375
0.0975189208984375
0.03866076469421387
0.0996706485748291
0.09694647789001465
0.09863686561584473
0.09808826446533203
0.09886050224304199
0.09720373153686523
0.09988594055175781
0.09977102279663086
0.09811663627624512
0.09852027893066406
0.09783172607421875
0.09779095649719238
0.09758186340332031
0.10160374641418457
0.09654903411865234
0.09769320487976074
0.0971074104309082
0.09745383262634277
0.098388671875
0.09773635864257812
0.09788894653320312
0.03971147537231445
0.09804844856262207
0.0965428352355957
0.038643836975097656
0.09821081161499023
0.1000063419342041
0.09730100631713867
0.10043644905090332
0.09881091117858887
0.09882640838623047
0.09758687019348145
0.09760880470275879
0.09870719909667969
0.09642553329467773
0.09687018394470215
0.09713053703308105
0.09775996208190918
0.09765982627868652
0.10814023017883301
0.09698367118835449
0.09940147399902344
0.10151147842407227
0.09795546531677246
0.09804654121398926
0.09798860549926758
0.09753799438476562
0.09847259521484375
0.09855103492736816
0.09793901443481445
0.09739160537719727
0.0985722541809082
0.09686994552612305
0.09819388389587402
0.09786796569824219
0.09658384323120117
0.09793376922607422
0.09804344177246094
0.03985452651977539
0.10540413856506348
0.09713220596313477
0.0985713005065918
0.09831500053405762
0.10028314590454102
0.038826942443847656
0.038883209228515625
0.09691405296325684
0.09807300567626953
0.09891843795776367
0.09713625907897949
0.10186290740966797
0.10000133514404297
0.09819674491882324
0.09747719764709473
0.09696555137634277
0.10203742980957031
0.09977507591247559
0.09709954261779785
0.09771871566772461
0.09697365760803223
0.09851980209350586
0.0980978012084961
0.0976247787475586
0.10046720504760742
0.10182428359985352
0.09781241416931152
0.09905338287353516
0.09785747528076172
0.09823846817016602
0.10039067268371582
0.09788107872009277
0.09755396842956543
0.1014559268951416
0.0988471508026123
0.09753632545471191
0.09893655776977539
0.1004490852355957
0.09896588325500488
0.09738969802856445
0.10377144813537598
0.09890961647033691
0.09772658348083496
0.09856200218200684
0.10308265686035156
0.09841108322143555
0.09794282913208008
0.098663330078125
0.09941363334655762
0.09871959686279297
0.09893345832824707
0.0388486385345459
0.09679269790649414
0.0991203784942627
0.09757661819458008
0.09794259071350098
0.09933304786682129
0.10345625877380371
0.09917020797729492
0.09836697578430176
0.09646487236022949
0.0982062816619873
0.0977320671081543
0.09855198860168457
0.09831500053405762
0.10727953910827637
0.09741544723510742
0.09694695472717285
0.09851431846618652
0.09689760208129883
0.09744668006896973
0.09877490997314453
0.09740161895751953
0.03877973556518555
0.03902125358581543
0.09707784652709961
0.09694147109985352
0.10060954093933105
0.09718871116638184
0.09736347198486328
0.09737110137939453
0.09982585906982422
0.09761404991149902
0.09770488739013672
0.0976877212524414
0.09675192832946777
0.09778857231140137
0.09894156455993652
0.09839558601379395
0.09807586669921875
0.1024637222290039
0.09711480140686035
0.03995227813720703
0.09755539894104004
0.10020565986633301
0.03898286819458008
0.09819197654724121
0.10042953491210938
0.10601091384887695
0.0997467041015625
0.09833145141601562
0.09780025482177734
0.09911799430847168
0.09808659553527832
0.10070419311523438
0.09978032112121582
0.10295772552490234
0.09664511680603027
0.09834623336791992
0.09932184219360352
0.09885931015014648
0.09793686866760254
0.09848833084106445
0.09780192375183105
0.09866142272949219
0.09856510162353516
0.09687304496765137
0.0981595516204834
0.09846758842468262
0.09850692749023438
0.09775280952453613
0.09895515441894531
0.09992623329162598
0.09830665588378906
0.03874492645263672
0.09719276428222656
0.09748697280883789
0.10816335678100586
0.09920167922973633
0.10008049011230469
0.10557055473327637
0.0986783504486084
0.09820747375488281
0.09899353981018066
0.03922128677368164
0.09860825538635254
0.0981760025024414
0.09673857688903809
0.09933900833129883
0.09930157661437988
0.0980215072631836
0.09735655784606934
0.09964156150817871
0.10007572174072266
0.0980064868927002
0.10020112991333008
0.10455203056335449
0.0984034538269043
0.03993701934814453
0.09900522232055664
0.09997105598449707
0.0976412296295166
0.10210800170898438
0.09749865531921387
0.09942340850830078
0.09864044189453125
0.09778475761413574
0.09828686714172363
0.09904313087463379
0.09748363494873047
0.09829378128051758
0.09728288650512695
0.09900283813476562
0.10019779205322266
0.09819841384887695
0.10271620750427246
0.09905099868774414
0.09795689582824707
0.09842228889465332
0.09903502464294434
0.1000981330871582
0.09787726402282715
0.0995490550994873
0.09780097007751465
0.0964362621307373
0.09900641441345215
0.0975656509399414
0.09660077095031738
0.10051918029785156
0.09785008430480957
0.09796547889709473
0.09805536270141602
0.09844279289245605
0.11060285568237305
0.09928679466247559
0.09891510009765625
0.09816384315490723
0.10338950157165527
0.09854769706726074
0.09679484367370605
0.0992424488067627
0.1004631519317627
0.10017704963684082
0.11816787719726562
0.09919261932373047
0.09932470321655273
0.09683370590209961
0.09971070289611816
0.09748983383178711
0.10631346702575684
0.09828734397888184
0.09958195686340332
0.03894233703613281
0.10156512260437012
0.09994697570800781
0.098236083984375
0.10050773620605469
0.09782290458679199
0.09681296348571777
0.09759283065795898
0.09729456901550293
0.09832096099853516
0.10141730308532715
0.09768152236938477
0.09874582290649414
0.09817743301391602
0.09739136695861816
0.09910106658935547
0.09923744201660156
0.09757709503173828
0.09775781631469727
0.09827041625976562
0.09772634506225586
0.09661316871643066
0.09791874885559082
0.09819817543029785
0.09720158576965332
0.09949135780334473
0.09746718406677246
0.09634804725646973
0.10009622573852539
0.0983743667602539
0.03894186019897461
0.10018610954284668
0.09981966018676758
0.09647202491760254
0.09845209121704102
0.097381591796875
0.10043835639953613
0.09664225578308105
0.09900212287902832
0.09779500961303711
0.09647417068481445
0.09792089462280273
0.09847712516784668
0.1000525951385498
0.09862852096557617
0.09973001480102539
0.10219955444335938
0.09701418876647949
0.09971475601196289
0.09634065628051758
0.09849262237548828
0.10496830940246582
0.09813070297241211
0.09904074668884277
0.09750533103942871
0.09955382347106934
0.09893441200256348
0.09893369674682617
0.09749078750610352
0.09870672225952148
0.09972906112670898
0.09954094886779785
0.09797382354736328
0.09789061546325684
0.09950566291809082
0.0991048812866211
0.09886503219604492
0.09629535675048828
0.09857583045959473
0.09816741943359375
0.09805488586425781
0.09864115715026855
0.09713268280029297
0.03890872001647949
0.09813094139099121
0.09698653221130371
0.10056066513061523
0.09933042526245117
0.0977327823638916
0.0980842113494873
0.09877443313598633
0.09742999076843262
0.09792709350585938
0.09921598434448242
0.0985107421875
0.038753509521484375
0.09852933883666992
0.10010910034179688
0.09953451156616211
0.09776496887207031
0.09852910041809082
0.09806060791015625
0.09856367111206055
0.09843587875366211
0.0392153263092041
0.10016441345214844
0.09790158271789551
0.09929800033569336
0.0989522933959961
0.09724307060241699
0.09816980361938477
0.09688758850097656
0.09897565841674805
0.09872722625732422
0.09747838973999023
0.09903240203857422
0.09725403785705566
0.0989694595336914
0.09677505493164062
0.03872251510620117
0.09791040420532227
0.0993967056274414
0.09828066825866699
0.0996251106262207
0.09766101837158203
0.1010439395904541
0.0979619026184082
0.09765028953552246
0.1005864143371582
0.09831762313842773
0.09765291213989258
0.03871011734008789
0.09777498245239258
0.09767436981201172
0.09836268424987793
0.09800529479980469
0.09752631187438965
0.10096502304077148
0.09802365303039551
0.09784173965454102
0.03919792175292969
0.09877824783325195
0.09795928001403809
0.09851455688476562
0.09912991523742676
0.10047078132629395
0.09891200065612793
0.10755395889282227
0.09775710105895996
0.09659337997436523
0.09661436080932617
0.09669852256774902
0.09730362892150879
0.09903240203857422
0.0968317985534668
0.09717583656311035
0.09759092330932617
0.09739065170288086
0.10103225708007812
0.09818887710571289
0.10213375091552734
0.1149442195892334
0.10156607627868652
0.0973958969116211
0.09841299057006836
0.09755229949951172
0.09719252586364746
0.09856033325195312
0.038616180419921875
0.10005760192871094
0.09750676155090332
0.09750890731811523
0.09940242767333984
0.09949254989624023
0.10452699661254883
0.09814906120300293
0.0382847785949707
0.096771240234375
0.09696626663208008
0.0981283187866211
0.09739017486572266
0.10040926933288574
0.09885215759277344
0.09711933135986328
0.09778857231140137
0.09680962562561035
0.038509368896484375
0.09993124008178711
0.10064578056335449
0.0975484848022461
0.09722042083740234
0.0978841781616211
0.09615826606750488
0.09750580787658691
0.09696507453918457
0.09800219535827637
0.09636902809143066
0.10406208038330078
0.10396575927734375
0.09917092323303223
0.09697818756103516
0.0968618392944336
0.0984034538269043
0.0983726978302002
0.11027717590332031
0.09821224212646484
0.10271024703979492
0.10545849800109863
0.09886503219604492
0.09889674186706543
0.09725427627563477
0.09838438034057617
0.10280728340148926
0.10537528991699219
0.0972292423248291
0.09796404838562012
0.09815859794616699
0.09771728515625
0.09811639785766602
0.10130119323730469
0.10424590110778809
0.09970808029174805
0.10134172439575195
0.03969144821166992
0.09910130500793457
0.10493850708007812
0.10250139236450195
0.09936738014221191
0.09953904151916504
0.09796833992004395
0.09982967376708984
0.09874463081359863
0.0982980728149414
0.09775137901306152
0.09749054908752441
0.11009407043457031
0.15930390357971191
0.09790349006652832
0.09830045700073242
0.03866767883300781
0.13248825073242188
0.09811711311340332
0.1342453956604004
0.1062467098236084
0.03874397277832031
0.09906244277954102
0.11042332649230957
0.10039901733398438
0.09768986701965332
0.1470775604248047
0.10093355178833008
0.099029541015625
0.09931683540344238
0.09768152236938477
0.11147069931030273
0.0989840030670166
0.09720635414123535
0.12517309188842773
0.09802675247192383
0.0386347770690918
0.10012555122375488
0.09840846061706543
0.15459513664245605
0.11791443824768066
0.09891343116760254
0.11751580238342285
0.10987067222595215
0.09820938110351562
0.10174179077148438
0.09826326370239258
0.0984334945678711
0.09762978553771973
0.10273957252502441
0.0983433723449707
0.11182451248168945
0.0977942943572998
0.09899377822875977
0.09865832328796387
0.09866547584533691
0.09927678108215332
0.11514687538146973
0.0989532470703125
0.09767651557922363
0.10032272338867188
0.09832954406738281
0.0974416732788086
0.03896331787109375
0.09795498847961426
0.1003115177154541
0.09906458854675293
0.0971379280090332
0.09714484214782715
0.09839797019958496
0.09856963157653809
0.09827375411987305
0.10012221336364746
0.09775590896606445
0.09758281707763672
0.09848380088806152
0.09850835800170898
0.09877681732177734
0.038405418395996094
0.09814286231994629
0.09815120697021484
0.09919595718383789
0.09799599647521973
0.10143280029296875
0.09713602066040039
0.09741520881652832
0.09744644165039062
0.09886598587036133
0.09725689888000488
0.10054445266723633
0.0980076789855957
0.09961199760437012
0.09766864776611328
0.1022648811340332
0.09840726852416992
0.10290122032165527
0.09723114967346191
0.09717822074890137
0.09761381149291992
0.09909987449645996
0.09700798988342285
0.038564205169677734
0.09827041625976562
0.0968780517578125
0.0969233512878418
0.03852391242980957
0.09951066970825195
0.09740924835205078
0.09731841087341309
0.09583544731140137
0.09824323654174805
0.09787487983703613
0.09812712669372559
0.10048127174377441
0.09844422340393066
0.0978693962097168
0.09635210037231445
0.09884095191955566
0.0966949462890625
0.09867191314697266
0.09817075729370117
0.09710240364074707
0.09752702713012695
0.10211539268493652
0.09774565696716309
0.09773778915405273
0.09665322303771973
0.09751772880554199
0.0979621410369873
0.09886574745178223
0.09966516494750977
0.09824824333190918
0.038544654846191406
0.09760618209838867
0.09703445434570312
0.09773921966552734
0.09932613372802734
0.09956145286560059
0.0981454849243164
0.0970311164855957
0.09735798835754395
0.09739828109741211
0.10566973686218262
0.1053917407989502
0.09785985946655273
0.10768342018127441
0.09937262535095215
0.09815144538879395
0.0983428955078125
0.098236083984375
0.09871029853820801
0.09759998321533203
0.09732460975646973
0.09899520874023438
0.10054302215576172
0.09843301773071289
0.10497260093688965
0.09698247909545898
0.10614418983459473
0.0984809398651123
0.09841322898864746
0.09748339653015137
0.10023260116577148
0.09812545776367188
0.09745407104492188
0.09927868843078613
0.09797286987304688
0.09711933135986328
0.09802126884460449
0.09880661964416504
0.09760308265686035
0.09905409812927246
0.09905791282653809
0.09845757484436035
0.09836983680725098
0.09798455238342285
0.03866386413574219
0.09854388236999512
0.09737682342529297
0.03861379623413086
0.09867739677429199
0.09759879112243652
0.09861993789672852
0.09857821464538574
0.10032057762145996
0.09666752815246582
0.09825325012207031
0.0979166030883789
0.0995182991027832
0.0973055362701416
0.040282487869262695
0.09809279441833496
0.09724593162536621
0.09881329536437988
0.09769821166992188
0.09844541549682617
0.09912347793579102
0.09941601753234863
0.09971976280212402
0.09803605079650879
0.09747982025146484
0.09812378883361816
0.09871768951416016
0.10229825973510742
0.09732842445373535
0.09735345840454102
0.09839510917663574
0.09935593605041504
0.03859257698059082
0.0977010726928711
0.0988311767578125
0.09818339347839355
0.10048651695251465
0.09771108627319336
0.09840083122253418
0.09737992286682129
0.0968780517578125
0.10010886192321777
0.0993199348449707
0.09743070602416992
0.09722733497619629
0.09733271598815918
0.10146617889404297
0.0996708869934082
0.10086488723754883
0.0998837947845459
0.09938168525695801
0.10562491416931152
0.10201478004455566
0.09734559059143066
0.09808921813964844
0.10152626037597656
0.09785079956054688
0.0971689224243164
0.09683108329772949
0.10122799873352051
0.10034036636352539
0.09731578826904297
0.0975637435913086
0.09685254096984863
0.09679746627807617
0.10199952125549316
0.09991455078125
0.09901213645935059
0.0976555347442627
0.09889483451843262
0.0984489917755127
0.09702801704406738
0.09836816787719727
0.09966778755187988
0.03874635696411133
0.0995779037475586
0.0973043441772461
0.09808897972106934
0.03914332389831543
0.09696626663208008
0.0977621078491211
0.0987253189086914
0.09823322296142578
0.09700369834899902
0.09975528717041016
0.09774041175842285
0.09770560264587402
0.10708308219909668
0.09956908226013184
0.0970907211303711
0.09816217422485352
0.09734606742858887
0.10110306739807129
0.09763264656066895
0.03875851631164551
0.09864187240600586
0.09877967834472656
0.09712624549865723
0.0983579158782959
0.1239328384399414
0.09861421585083008
0.09783363342285156
0.10504007339477539
0.09783411026000977
0.10625791549682617
0.03948378562927246
0.09921503067016602
0.03883528709411621
0.10233163833618164
0.09749960899353027
0.1016380786895752
0.10045433044433594
0.10007286071777344
0.0998995304107666
0.09962916374206543
0.0999898910522461
0.10727214813232422
0.09978103637695312
0.10061025619506836
0.09843897819519043
0.1015019416809082
0.1031639575958252
0.10080766677856445
0.10017180442810059
0.09856724739074707
0.09862375259399414
0.10015106201171875
0.09988784790039062
0.10034871101379395
0.04077768325805664
0.10069680213928223
0.03879594802856445
0.09985113143920898
0.09883236885070801
0.11965823173522949
0.10630559921264648
0.09971141815185547
0.10414385795593262
0.09905099868774414
0.10072875022888184
0.097686767578125
0.09834980964660645
0.10054206848144531
0.09909939765930176
0.038343191146850586
0.09717965126037598
0.038524627685546875
0.03870201110839844
0.0978236198425293
0.10132908821105957
0.09913921356201172
0.09820222854614258
0.10074710845947266
0.1133875846862793
0.09959983825683594
0.0991828441619873
0.1557788848876953
0.10159921646118164
0.11555767059326172
0.10424518585205078
0.10080623626708984
0.10922646522521973
0.09846687316894531
0.09856462478637695
0.09822821617126465
0.1007699966430664
0.09785604476928711
0.09720396995544434
0.11176276206970215
0.0974278450012207
0.11059165000915527
0.10017657279968262
0.11006617546081543
0.11426520347595215
0.09776115417480469
0.09738326072692871
0.12109971046447754
0.0984964370727539
0.1677100658416748
0.09824085235595703
0.09858918190002441
0.1268765926361084
0.11151480674743652
0.09882855415344238
0.12870049476623535
0.038298845291137695
0.13083815574645996
0.09793615341186523
0.10515546798706055
0.09808588027954102
0.0972440242767334
0.09903573989868164
0.1101536750793457
0.1218569278717041
0.10582375526428223
0.0983729362487793
0.10102581977844238
0.14998269081115723
0.09990668296813965
0.09832334518432617
0.1055300235748291
0.11008906364440918
0.11124634742736816
0.11097145080566406
0.0395045280456543
0.10526561737060547
0.03862142562866211
0.09856200218200684
0.0969398021697998
0.11623835563659668
0.09770321846008301
0.09774446487426758
0.0984487533569336
0.14307451248168945
0.11097216606140137
0.09776854515075684
0.09783506393432617
0.09859013557434082
0.09713196754455566
0.14273858070373535
0.10764360427856445
0.11364340782165527
0.13683056831359863
0.0981895923614502
0.10491514205932617
0.09928441047668457
0.11880326271057129
0.12863922119140625
0.09820842742919922
0.1329362392425537
0.09713578224182129
0.1436612606048584
0.131744384765625
0.03849005699157715
0.09897470474243164
0.03859138488769531
0.10051846504211426
0.09842157363891602
0.11634659767150879
0.12575244903564453
0.11119747161865234
0.0386505126953125
0.09955453872680664
0.09818100929260254
0.11702513694763184
0.13071942329406738
0.10031652450561523
0.038472652435302734
0.09856534004211426
0.11648440361022949
0.11098408699035645
0.09975934028625488
0.1181495189666748
0.10705256462097168
0.09921526908874512
0.13164973258972168
0.13965344429016113
0.14712142944335938
0.14485955238342285
0.09800601005554199
0.09818720817565918
0.11215710639953613
0.09937572479248047
0.13950800895690918
0.10866665840148926
0.1280210018157959
0.09787130355834961
0.10031247138977051
0.09954476356506348
0.09747958183288574
0.1330432891845703
0.10601425170898438
0.09858846664428711
0.10361289978027344
0.03851509094238281
0.10088396072387695
0.09720373153686523
0.11206603050231934
0.10593891143798828
0.10981464385986328
0.10148382186889648
0.09658670425415039
0.1269087791442871
0.09920144081115723
0.09851336479187012
0.13462305068969727
0.09909725189208984
0.09939742088317871
0.09804296493530273
0.09754467010498047
0.15880155563354492
0.10488533973693848
0.10148119926452637
0.09886908531188965
0.09831047058105469
0.0998988151550293
0.09802389144897461
0.1427745819091797
0.12205219268798828
0.13238906860351562
0.09806609153747559
0.09879946708679199
0.09909248352050781
0.09867191314697266
0.09711384773254395
0.1641862392425537
0.10900115966796875
0.04139828681945801
0.038446903228759766
0.09921383857727051
0.09910726547241211
0.11206984519958496
0.12331366539001465
0.09801363945007324
0.09885573387145996
0.11711287498474121
0.10355973243713379
0.1255650520324707
0.09793615341186523
0.11099720001220703
0.10080075263977051
0.1108543872833252
0.13422513008117676
0.15550541877746582
0.117645263671875
0.03830885887145996
0.1007378101348877
0.09838747978210449
0.10238099098205566
0.12279653549194336
0.09821414947509766
0.09752058982849121
0.1122441291809082
0.0991365909576416
0.03923630714416504
0.09835934638977051
0.0976262092590332
0.1317760944366455
0.1413416862487793
0.13316082954406738
0.0993659496307373
0.11295104026794434
0.0991525650024414
0.10013151168823242
0.10587644577026367
0.11777377128601074
0.09995889663696289
0.10146570205688477
0.03849220275878906
0.099090576171875
0.11148476600646973
0.09930181503295898
0.09741878509521484
0.11633992195129395
0.13256239891052246
0.10537886619567871
0.09813928604125977
0.09783577919006348
0.10773611068725586
0.15397977828979492
0.11101675033569336
0.09957075119018555
0.09651780128479004
0.11637687683105469
0.09857034683227539
0.1149756908416748
0.09889602661132812
0.10092902183532715
0.09802937507629395
0.09758591651916504
0.10103249549865723
0.11006283760070801
0.09786438941955566
0.10927224159240723
0.0985112190246582
0.13133621215820312
0.10169625282287598
0.03857779502868652
0.11702156066894531
0.16866040229797363
0.11487340927124023
0.14887642860412598
0.09932827949523926
0.10154247283935547
0.1000983715057373
0.09884309768676758
0.10265946388244629
0.11171579360961914
0.0982670783996582
0.09885168075561523
0.11879444122314453
0.11554431915283203
0.09803628921508789
0.10118317604064941
0.10257101058959961
0.11016201972961426
0.09814643859863281
0.1316215991973877
0.13123655319213867
0.10247039794921875
0.09899091720581055
0.13376426696777344
0.09867382049560547
0.16858315467834473
0.1253337860107422
0.1253058910369873
0.13239598274230957
0.11602616310119629
0.11699581146240234
0.11114978790283203
0.09969496726989746
0.03856825828552246
0.09739208221435547
0.10332632064819336
0.10012435913085938
0.12253308296203613
0.15618467330932617
0.09689903259277344
0.09903836250305176
0.14704680442810059
0.10066008567810059
0.09790611267089844
0.09890174865722656
0.03822445869445801
0.10007953643798828
0.11095309257507324
0.09836220741271973
0.09971928596496582
0.09922122955322266
0.12414097785949707
0.09766936302185059
0.1337745189666748
0.038681745529174805
0.11104917526245117
0.09763765335083008
0.13034391403198242
0.10003447532653809
0.11289358139038086
0.09803628921508789
0.10099101066589355
0.09903526306152344
0.09909319877624512
0.11841964721679688
0.11446380615234375
0.09976434707641602
0.09938240051269531
0.09813594818115234
0.10404753684997559
0.10036158561706543
0.09783530235290527
0.09931588172912598
0.09709644317626953
0.09761333465576172
0.12786245346069336
0.0392765998840332
0.09941887855529785
0.09731268882751465
0.15306448936462402
0.09927582740783691
0.10443782806396484
0.09847640991210938
0.09748125076293945
0.10076022148132324
0.12856173515319824
0.10109567642211914
0.09794354438781738
0.09855961799621582
0.09855365753173828
0.09913945198059082
0.1256566047668457
0.10972428321838379
0.03841876983642578
0.14648866653442383
0.03864431381225586
0.09804248809814453
0.12351059913635254
0.10778188705444336
0.12885427474975586
0.09794998168945312
0.09888195991516113
0.1139678955078125
0.12279915809631348
0.09757637977600098
0.0994715690612793
0.09811711311340332
0.09728884696960449
0.09805631637573242
0.09897112846374512
0.09970903396606445
0.10032057762145996
0.09907364845275879
0.09827303886413574
0.10167574882507324
0.09824395179748535
0.1070854663848877
0.09795904159545898
0.10784339904785156
0.10844087600708008
0.10332107543945312
0.09820127487182617
0.09818434715270996
0.0983591079711914
0.10334587097167969
0.09940624237060547
0.09815526008605957
0.10571980476379395
0.09807300567626953
0.10163521766662598
0.11249613761901855
0.10046005249023438
0.11426305770874023
0.1025240421295166
0.09798693656921387
0.1527547836303711
0.14246702194213867
0.09813117980957031
0.10951828956604004
0.12683844566345215
0.13645577430725098
0.09785699844360352
0.09846663475036621
0.09957051277160645
0.03946399688720703
0.09781336784362793
0.10477066040039062
0.09924674034118652
0.09960198402404785
0.1083371639251709
0.0978090763092041
0.10257625579833984
0.10160040855407715
0.10422778129577637
0.12668561935424805
0.0987098217010498
0.09740185737609863
0.0983133316040039
0.09782838821411133
0.09936070442199707
0.09888720512390137
0.039153337478637695
0.09755063056945801
0.10137414932250977
0.09870100021362305
0.09819650650024414
0.09742593765258789
0.11034417152404785
0.03848385810852051
0.09727716445922852
0.13287091255187988
0.09824728965759277
0.13594484329223633
0.10345864295959473
0.09834861755371094
0.1012725830078125
0.04042625427246094
0.12676095962524414
0.11786150932312012
0.1104586124420166
0.09953093528747559
0.10564112663269043
0.09855771064758301
0.04037189483642578
0.0975186824798584
0.12518811225891113
0.16907787322998047
0.10097527503967285
0.0975027084350586
0.09641218185424805
0.09763455390930176
0.09821414947509766
0.12093496322631836
0.09967660903930664
0.040563344955444336
0.11075711250305176
0.09810948371887207
0.09722185134887695
0.1170663833618164
0.10499978065490723
0.0993807315826416
0.11489295959472656
0.09847736358642578
0.09787607192993164
0.09860563278198242
0.0999000072479248
0.038507699966430664
0.0987706184387207
0.038637399673461914
0.10031652450561523
0.10606241226196289
0.1275792121887207
0.09820199012756348
0.09850311279296875
0.10333132743835449
0.13222002983093262
0.09868812561035156
0.09877395629882812
0.1049959659576416
0.10893845558166504
0.09820246696472168
0.09799075126647949
0.03856325149536133
0.09780764579772949
0.09730100631713867
0.09648990631103516
0.09815454483032227
0.13981842994689941
0.10090208053588867
0.09974408149719238
0.1015329360961914
0.11148929595947266
0.1647810935974121
0.10212421417236328
0.10932493209838867
0.11302518844604492
0.12043547630310059
0.09760332107543945
0.09843063354492188
0.09969782829284668
0.1355431079864502
0.09988236427307129
0.03850388526916504
0.09981894493103027
0.13309478759765625
0.038417816162109375
0.1164703369140625
0.09908556938171387
0.09959936141967773
0.1469557285308838
0.09718871116638184
0.10017752647399902
0.10349035263061523
0.0981898307800293
0.09751057624816895
0.15380597114562988
0.11166501045227051
0.10884261131286621
0.10869646072387695
0.11670994758605957
0.10051965713500977
0.10949850082397461
0.09867072105407715
0.10423612594604492
0.09768056869506836
0.11457133293151855
0.09927034378051758
0.09789919853210449
0.10727381706237793
0.12409830093383789
0.09714913368225098
0.13225865364074707
0.1025242805480957
0.15295052528381348
0.09821486473083496
0.10223054885864258
0.09864926338195801
0.09977006912231445
0.10768437385559082
0.10014128684997559
0.09953498840332031
0.09827685356140137
0.12449979782104492
0.041594505310058594
0.11126232147216797
0.1540238857269287
0.11804032325744629
0.10936546325683594
0.0383455753326416
0.09891843795776367
0.11083316802978516
0.13973712921142578
0.09883236885070801
0.09923386573791504
0.12688207626342773
0.10084676742553711
0.12067604064941406
0.04050111770629883
0.10504436492919922
0.09981489181518555
0.09837841987609863
0.09919404983520508
0.1313464641571045
0.09832763671875
0.09871411323547363
0.0991065502166748
0.0993657112121582
0.14260482788085938
0.09677243232727051
0.10010981559753418
0.10165119171142578
0.10062241554260254
0.03838086128234863
0.09758353233337402
0.1145334243774414
0.11484766006469727
0.09884166717529297
0.10296177864074707
0.1409461498260498
0.09750723838806152
0.09761333465576172
0.1371593475341797
0.09827136993408203
0.11422610282897949
0.10510587692260742
0.10389876365661621
0.1176748275756836
0.1271529197692871
0.09818720817565918
0.04145216941833496
0.1069784164428711
0.09925699234008789
0.1017293930053711
0.03841543197631836
0.10243749618530273
0.11079525947570801
0.09812760353088379
0.12727880477905273
0.12998270988464355
0.09677791595458984
0.09638452529907227
0.11007380485534668
0.09693026542663574
0.13329577445983887
0.11175012588500977
0.03817939758300781
0.11337423324584961
0.09744930267333984
0.0974435806274414
0.03823494911193848
0.10156106948852539
0.09810805320739746
0.09711670875549316
0.10103654861450195
0.15888738632202148
0.12375569343566895
0.10182595252990723
0.09823012351989746
0.11372137069702148
0.12236762046813965
0.09955883026123047
0.09765863418579102
0.09948015213012695
0.12578487396240234
0.09758949279785156
0.10483574867248535
0.09728026390075684
0.09764552116394043
0.13109183311462402
0.09957361221313477
0.09856462478637695
0.03848075866699219
0.12524962425231934
0.09979605674743652
0.09912490844726562
0.16333913803100586
0.10501909255981445
0.09919261932373047
0.09678077697753906
0.1423642635345459
0.09909486770629883
0.10286545753479004
0.04162311553955078
0.11613297462463379
0.09806346893310547
0.1283876895904541
0.09975290298461914
0.09983634948730469
0.10049962997436523
0.09909987449645996
0.09932589530944824
0.09698653221130371
0.13846135139465332
0.09898495674133301
0.12169599533081055
0.10203385353088379
0.13603711128234863
0.10730361938476562
0.03862786293029785
0.09819269180297852
0.10546684265136719
0.11116957664489746
0.09787297248840332
0.10876226425170898
0.1508464813232422
0.10791182518005371
0.09793424606323242
0.09925317764282227
0.1470348834991455
0.09983301162719727
0.10837674140930176
0.09743428230285645
0.1178596019744873
0.12196469306945801
0.09968328475952148
0.10057401657104492
0.09966254234313965
0.13051414489746094
0.038466691970825195
0.10075616836547852
0.09941506385803223
0.0990757942199707
0.09832572937011719
0.09895038604736328
0.10700058937072754
0.10197234153747559
0.09791922569274902
0.09796619415283203
0.03839755058288574
0.09723424911499023
0.12544775009155273
0.1033165454864502
0.12146759033203125
0.09838604927062988
0.1077125072479248
0.03833818435668945
0.09866213798522949
0.09736418724060059
0.10557150840759277
0.09812450408935547
0.09886050224304199
0.11061596870422363
0.09903287887573242
0.040534257888793945
0.1143796443939209
0.09798908233642578
0.09979701042175293
0.10225272178649902
0.10714077949523926
0.09709501266479492
0.09786438941955566
0.0985114574432373
0.10228562355041504
0.1036226749420166
0.09696650505065918
0.10203957557678223
0.03853774070739746
0.09908604621887207
0.11343502998352051
0.12796473503112793
0.11580252647399902
0.10654997825622559
0.09830117225646973
0.10090899467468262
0.0993499755859375
0.09821867942810059
0.11327600479125977
0.14399266242980957
0.09957361221313477
0.10201621055603027
0.09697127342224121
0.042469024658203125
0.10030698776245117
0.10026717185974121
0.10220479965209961
0.0979926586151123
0.15431833267211914
0.1478593349456787
0.10887765884399414
0.12093067169189453
0.09714317321777344
0.10079431533813477
0.10083603858947754
0.10530281066894531
0.10222649574279785
0.13029217720031738
0.13062381744384766
0.09966850280761719
0.09807205200195312
0.10182380676269531
0.09878253936767578
0.0986015796661377
0.10394740104675293
0.09995269775390625
0.11284017562866211
0.10033607482910156
0.11066102981567383
0.09871315956115723
0.09979033470153809
0.09954524040222168
0.03896689414978027
0.0989532470703125
0.09771990776062012
0.09798216819763184
0.09840583801269531
0.10070538520812988
0.10730981826782227
0.10788297653198242
0.15389037132263184
0.11478829383850098
0.09913086891174316
0.10009050369262695
0.09869837760925293
0.09801936149597168
0.09887075424194336
0.10799980163574219
0.09782552719116211
0.1765754222869873
0.11708998680114746
0.10963797569274902
0.11031651496887207
0.10109567642211914
0.10086536407470703
0.10059332847595215
0.10041618347167969
0.09904599189758301
0.09699606895446777
0.1363976001739502
0.10052895545959473
0.12637877464294434
0.10042285919189453
0.09907174110412598
0.1309351921081543
0.13720154762268066
0.10151815414428711
0.09811592102050781
0.11791610717773438
0.11197400093078613
0.09890174865722656
0.10021257400512695
0.1045525074005127
0.09803628921508789
0.11577415466308594
0.09848332405090332
0.09831094741821289
0.1304478645324707
0.13826251029968262
0.0992131233215332
0.1505112648010254
0.12624263763427734
0.09744572639465332
0.09787607192993164
0.0977640151977539
0.03849625587463379
0.09895133972167969
0.09883785247802734
0.12077188491821289
0.0993800163269043
0.09758591651916504
0.10848331451416016
0.09816479682922363
0.10496139526367188
0.11166691780090332
0.09795475006103516
0.09830307960510254
0.09717559814453125
0.0987546443939209
0.09838128089904785
0.10181999206542969
0.1025853157043457
0.12636470794677734
0.146439790725708
0.09905314445495605
0.09828639030456543
0.10823512077331543
0.10027265548706055
0.09918951988220215
0.10731911659240723
0.13094425201416016
0.09725427627563477
0.09768986701965332
0.09701943397521973
0.1314084529876709
0.09949946403503418
0.10048103332519531
0.09856128692626953
0.09850430488586426
0.04055595397949219
0.09874582290649414
0.09880709648132324
0.09894943237304688
0.1270904541015625
0.12927532196044922
0.12418627738952637
0.09866619110107422
0.10000133514404297
0.13060212135314941
0.1016542911529541
0.10020995140075684
0.10124921798706055
0.097930908203125
0.1008458137512207
0.09845852851867676
0.1365804672241211
0.11069774627685547
0.09707927703857422
0.0981450080871582
0.10630607604980469
0.1413888931274414
0.12227416038513184
0.10059666633605957
0.09847426414489746
0.0973963737487793
0.12596654891967773
0.1064910888671875
0.0982365608215332
0.1027686595916748
0.11252045631408691
0.10099005699157715
0.10345745086669922
0.10294294357299805
0.10099434852600098
0.12960529327392578
0.10969424247741699
0.09987211227416992
0.09797978401184082
0.10833549499511719
0.10495162010192871
0.09840869903564453
0.0974278450012207
0.09783411026000977
0.03870272636413574
0.1058492660522461
0.09745192527770996
0.10020709037780762
0.03940582275390625
0.09914255142211914
0.09673309326171875
0.12778973579406738
0.12597393989562988
0.13004016876220703
0.09853816032409668
0.0966193675994873
0.09742903709411621
0.1290590763092041
0.09907984733581543
0.09834837913513184
0.11843204498291016
0.09986472129821777
0.09795880317687988
0.12777924537658691
0.11481237411499023
0.09797286987304688
0.10082411766052246
0.10573387145996094
0.09958720207214355
0.0990757942199707
0.1388998031616211
0.11053991317749023
0.10028553009033203
0.09691548347473145
0.13190484046936035
0.03949856758117676
0.09969544410705566
0.11112308502197266
0.10774993896484375
0.0986318588256836
0.10144710540771484
0.11771798133850098
0.0997319221496582
0.1352221965789795
0.09988236427307129
0.13664698600769043
0.1281414031982422
0.12144684791564941
0.10054945945739746
0.09973359107971191
0.09966063499450684
0.098175048828125
0.09763455390930176
0.09809565544128418
0.10819625854492188
0.09849357604980469
0.09794211387634277
0.10233473777770996
0.13105487823486328
0.09861302375793457
0.03951311111450195
0.09766745567321777
0.09795808792114258
0.09673643112182617
0.09803175926208496
0.13849496841430664
0.1355760097503662
0.11552786827087402
0.136124849319458
0.09821319580078125
0.10916709899902344
0.09820938110351562
0.038472652435302734
0.12251400947570801
0.09763264656066895
0.15590405464172363
0.13172578811645508
0.10170102119445801
0.10641312599182129
0.09818530082702637
0.1318340301513672
0.09871220588684082
0.0971975326538086
0.11952996253967285
0.10627341270446777
0.12395548820495605
0.09845280647277832
0.1001737117767334
0.12778377532958984
0.038773298263549805
0.10293412208557129
0.09750080108642578
0.038544416427612305
0.09907078742980957
0.0988917350769043
0.10495734214782715
0.12517356872558594
0.10810708999633789
0.10492730140686035
0.09735798835754395
0.038315534591674805
0.09931159019470215
0.1303575038909912
0.10089230537414551
0.09991884231567383
0.12661290168762207
0.10003399848937988
0.09899687767028809
0.11858105659484863
0.15375947952270508
0.09689903259277344
0.14131522178649902
0.09852242469787598
0.09896159172058105
0.14196062088012695
0.12219834327697754
0.09877967834472656
0.11219644546508789
0.13324236869812012
0.11851358413696289
0.10239315032958984
0.09983682632446289
0.1094977855682373
0.09821653366088867
0.11045289039611816
0.09911131858825684
0.09801292419433594
0.38131141662597656
0.09923195838928223
0.13523459434509277
0.1005091667175293
0.10149049758911133
0.09874105453491211
0.12392830848693848
0.10501384735107422
0.09792137145996094
0.10343027114868164
0.12726593017578125
0.12423944473266602
0.09909844398498535
0.1274585723876953
0.13033342361450195
0.1116180419921875
0.12135505676269531
0.09891748428344727
0.10246968269348145
0.11122608184814453
0.12118172645568848
0.03831362724304199
0.09740996360778809
0.09725785255432129
0.12381124496459961
0.11036062240600586
0.09846377372741699
0.09918594360351562
0.09891438484191895
0.12227559089660645
0.10633230209350586
0.09666895866394043
0.09950804710388184
0.10349416732788086
0.10422325134277344
0.11103034019470215
0.09922575950622559
0.16237807273864746
0.13030219078063965
0.11775898933410645
0.10683059692382812
0.14970684051513672
0.038700103759765625
0.11008310317993164
0.16588115692138672
0.10568785667419434
0.0417637825012207
0.12575125694274902
0.09854412078857422
0.1149146556854248
0.09872555732727051
0.0965418815612793
0.0989842414855957
0.09943842887878418
0.09965395927429199
0.12251472473144531
0.11866140365600586
0.09810638427734375
0.10118627548217773
0.1017451286315918
0.10379600524902344
0.10082077980041504
0.12318944931030273
0.09705495834350586
0.09921669960021973
0.10223269462585449
0.09916567802429199
0.09741330146789551
0.09858989715576172
0.04123353958129883
0.12743186950683594
0.03975653648376465
0.09885025024414062
0.11210298538208008
0.1313917636871338
0.12891793251037598
0.09949183464050293
0.12816691398620605
0.10044717788696289
0.10858440399169922
0.10091376304626465
0.0983579158782959
0.16589760780334473
0.10391473770141602
0.14261746406555176
0.12620258331298828
0.09896469116210938
0.09896278381347656
0.09776139259338379
0.09822797775268555
0.12422776222229004
0.10228157043457031
0.09844231605529785
0.11017894744873047
0.09804105758666992
0.09829378128051758
0.09841346740722656
0.09925580024719238
0.09955978393554688
0.09705591201782227
0.09705805778503418
0.10532784461975098
0.09979081153869629
0.09740161895751953
0.10030174255371094
0.09990620613098145
0.10280871391296387
0.09669637680053711
0.0998382568359375
0.09846878051757812
0.09835028648376465
0.09767794609069824
0.09839582443237305
0.0980980396270752
0.10103559494018555
0.104095458984375
0.12238812446594238
0.100982666015625
0.09866499900817871
0.11645054817199707
0.10269403457641602
0.1560382843017578
0.09841799736022949
0.03874802589416504
0.1079404354095459
0.13379192352294922
0.10666751861572266
0.10294294357299805
0.12812280654907227
0.16202425956726074
0.13730406761169434
0.10014820098876953
0.09881472587585449
0.12458372116088867
0.13731956481933594
0.04119563102722168
0.1421654224395752
0.09778022766113281
0.0987398624420166
0.12924885749816895
0.04088592529296875
0.128281831741333
0.09714150428771973
0.09730792045593262
0.09774541854858398
0.09966397285461426
0.0974118709564209
0.10336089134216309
0.10122084617614746
0.1014561653137207
0.1128847599029541
0.09781765937805176
0.10604166984558105
0.1477663516998291
0.09873700141906738
0.09824371337890625
0.12850236892700195
0.12671303749084473
0.11707901954650879
0.1099710464477539
0.09923958778381348
0.09819650650024414
0.11416363716125488
0.09867572784423828
0.09847807884216309
0.10602211952209473
0.09845328330993652
0.0992128849029541
0.09851574897766113
0.10202956199645996
0.14852166175842285
0.11013293266296387
0.1106865406036377
0.10029983520507812
0.10211896896362305
0.12019944190979004
0.09854817390441895
0.1224050521850586
0.10013079643249512
0.09754753112792969
0.10843563079833984
0.14899992942810059
0.12862277030944824
0.13768434524536133
0.10019469261169434
0.0992279052734375
0.09850239753723145
0.0396420955657959
0.03867745399475098
0.1069495677947998
0.13869261741638184
0.11179971694946289
0.10330867767333984
0.1059575080871582
0.09894013404846191
0.12505578994750977
0.13764429092407227
0.09962034225463867
0.03885483741760254
0.0993497371673584
0.16914105415344238
0.09824538230895996
0.09874272346496582
0.10712862014770508
0.09807825088500977
0.09780430793762207
0.13511037826538086
0.11736869812011719
0.09876823425292969
0.1421058177947998
0.14843273162841797
0.1120297908782959
0.09836816787719727
0.11316943168640137
0.09784317016601562
0.09871912002563477
0.10222005844116211
0.10444211959838867
0.09929656982421875
0.10945820808410645
0.09952831268310547
0.09765172004699707
0.09957718849182129
0.12630009651184082
0.11136555671691895
0.0979609489440918
0.09876537322998047
0.03870868682861328
0.038787841796875
0.10047602653503418
0.10209798812866211
0.1002953052520752
0.03863883018493652
0.09769320487976074
0.09789252281188965
0.11549806594848633
0.10051870346069336
0.10352683067321777
0.09838485717773438
0.03889346122741699
0.09828424453735352
0.09939837455749512
0.09836602210998535
0.12334990501403809
0.13044428825378418
0.1307978630065918
0.10606265068054199
0.09987521171569824
0.11128473281860352
0.09779787063598633
0.03877377510070801
0.09725284576416016
0.09996700286865234
0.09958052635192871
0.1828012466430664
0.09831976890563965
0.10086250305175781
0.1368253231048584
0.03885054588317871
0.11884593963623047
0.03881573677062988
0.09868311882019043
0.10379600524902344
0.13056635856628418
0.13254737854003906
0.11851000785827637
0.10141420364379883
0.12322473526000977
0.11029624938964844
0.12662458419799805
0.1425025463104248
0.09727597236633301
0.09810447692871094
0.10748815536499023
0.12851977348327637
0.15104460716247559
0.12601804733276367
0.15513014793395996
0.09956932067871094
0.09859251976013184
0.14226293563842773
0.12300276756286621
0.0984354019165039
0.09817266464233398
0.1040811538696289
0.09844374656677246
0.1006155014038086
0.13025856018066406
0.09915924072265625
0.03934907913208008
0.09853911399841309
0.10001349449157715
0.1303541660308838
0.12696027755737305
0.12181997299194336
0.0990133285522461
0.03866386413574219
0.09799456596374512
0.09862923622131348
0.09868240356445312
0.11940693855285645
0.09827089309692383
0.12548398971557617
0.09768056869506836
0.10691428184509277
0.10717105865478516
0.09900546073913574
0.11558079719543457
0.09839868545532227
0.15876197814941406
0.1009678840637207
0.09939193725585938
0.10879182815551758
0.03873801231384277
0.03965497016906738
0.10045075416564941
0.0978395938873291
0.09956502914428711
0.13982272148132324
0.13336539268493652
0.12504863739013672
0.03874611854553223
0.03892946243286133
0.1022348403930664
0.09884095191955566
0.09757375717163086
0.13427042961120605
0.10439014434814453
0.10373520851135254
0.12465047836303711
0.09925556182861328
0.09897875785827637
0.1008460521697998
0.09940862655639648
0.09801602363586426
0.13412046432495117
0.13207530975341797
0.11088085174560547
0.13429617881774902
0.0974876880645752
0.12822246551513672
0.1007223129272461
0.03944659233093262
0.10508847236633301
0.0977790355682373
0.09802722930908203
0.10937047004699707
0.09798955917358398
0.10032081604003906
0.09913420677185059
0.09984374046325684
0.09853363037109375
0.10900688171386719
0.10682439804077148
0.09764838218688965
0.03891777992248535
0.10158443450927734
0.038777828216552734
0.10126566886901855
0.10522842407226562
0.12838149070739746
0.039511919021606445
0.10600805282592773
0.1002349853515625
0.11275720596313477
0.03885221481323242
0.10778379440307617
0.09885382652282715
0.1090097427368164
0.10015392303466797
0.12283921241760254
0.12582707405090332
0.1257305145263672
0.09830975532531738
0.09991693496704102
0.10728144645690918
0.09784078598022461
0.10770225524902344
0.15692472457885742
0.10101485252380371
0.11165809631347656
0.09832882881164551
0.09982609748840332
0.1174476146697998
0.03873848915100098
0.09990906715393066
0.09750914573669434
0.10540127754211426
0.10970401763916016
0.1293039321899414
0.0999295711517334
0.09830379486083984
0.0998084545135498
0.03870654106140137
0.03873300552368164
0.09823894500732422
0.10789966583251953
0.09799718856811523
0.0990762710571289
0.09740781784057617
0.09778833389282227
0.0980081558227539
0.09779548645019531
0.09891009330749512
0.09975790977478027
0.09815812110900879
0.09844303131103516
0.09956932067871094
0.09958934783935547
0.09776473045349121
0.09703350067138672
0.09913992881774902
0.0993807315826416
0.09846925735473633
0.09901022911071777
0.09813547134399414
0.09860897064208984
0.0984947681427002
0.0971529483795166
0.09817242622375488
0.09917640686035156
0.09981870651245117
0.03888821601867676
0.0993661880493164
0.0982353687286377
0.09894895553588867
0.0985410213470459
0.09912705421447754
0.09725737571716309
0.09853506088256836
0.10270571708679199
0.09763264656066895
0.10033440589904785
0.09653139114379883
0.09814214706420898
0.09920668601989746
0.09794950485229492
0.09908318519592285
0.09894919395446777
0.09730887413024902
0.09938192367553711
0.09734773635864258
0.09741449356079102
0.10242104530334473
0.09856700897216797
0.03963327407836914
0.09839725494384766
0.0977482795715332
0.09827685356140137
0.09777593612670898
0.10199427604675293
0.09881424903869629
0.10562562942504883
0.09761857986450195
0.09820127487182617
0.09795212745666504
0.09818887710571289
0.09819507598876953
0.10675191879272461
0.09779548645019531
0.11847090721130371
0.09766745567321777
0.09864258766174316
0.038942575454711914
0.09893417358398438
0.09757375717163086
0.09813308715820312
0.0980978012084961
0.09661269187927246
0.0976719856262207
0.10889840126037598
0.0967569351196289
0.10141468048095703
0.09775114059448242
0.09765267372131348
0.09841036796569824
0.03899359703063965
0.09877514839172363
0.09933090209960938
0.10016012191772461
0.09922122955322266
0.09810423851013184
0.10321402549743652
0.09843850135803223
0.09818577766418457
0.0983891487121582
0.09969854354858398
0.09778308868408203
0.10830330848693848
0.09749031066894531
0.09830284118652344
0.10229229927062988
0.10019373893737793
0.09873318672180176
0.03906679153442383
0.09667563438415527
0.09837770462036133
0.09881711006164551
0.09871339797973633
0.10051655769348145
0.09677910804748535
0.0982816219329834
0.0980980396270752
0.09858393669128418
0.09792280197143555
0.0982356071472168
0.09889698028564453
0.09673881530761719
0.10576510429382324
0.0984959602355957
0.09676265716552734
0.10058307647705078
0.09897994995117188
0.09969663619995117
0.09903192520141602
0.10065150260925293
0.10318779945373535
0.09738731384277344
0.09910416603088379
0.10327744483947754
0.10235738754272461
0.09895157814025879
0.04073071479797363
0.09825706481933594
0.10156846046447754
0.09820771217346191
0.10163640975952148
0.09896564483642578
0.09792590141296387
0.03853034973144531
0.1009054183959961
0.09749507904052734
0.09769678115844727
0.09863781929016113
0.09877896308898926
0.09723925590515137
0.09704899787902832
0.09907102584838867
0.09775853157043457
0.1078786849975586
0.0971376895904541
0.0979304313659668
0.09940791130065918
0.0992281436920166
0.09731411933898926
0.09836316108703613
0.03943228721618652
0.09792494773864746
0.09714269638061523
0.09701871871948242
0.0976104736328125
0.09645795822143555
0.09754824638366699
0.09787893295288086
0.09836196899414062
0.09908437728881836
0.09759855270385742
0.09733819961547852
0.09868144989013672
0.09892988204956055
0.09788703918457031
0.09856128692626953
0.09969258308410645
0.09754467010498047
0.0988163948059082
0.09800529479980469
0.09819364547729492
0.0979773998260498
0.09678053855895996
0.09690594673156738
0.09732627868652344
0.09978318214416504
0.09746885299682617
0.03869748115539551
0.09811758995056152
0.09824085235595703
0.09660124778747559
0.09783673286437988
0.0984196662902832
0.09821939468383789
0.09766197204589844
0.0987861156463623
0.09902191162109375
0.09758639335632324
0.09717202186584473
0.09959173202514648
0.09700393676757812
0.1000068187713623
0.1000375747680664
0.0983729362487793
0.09849977493286133
0.09772396087646484
0.0991067886352539
0.09657454490661621
0.09713983535766602
0.10010027885437012
0.0991668701171875
0.12106776237487793
0.09734654426574707
0.09946823120117188
0.09945273399353027
0.09705448150634766
0.09738469123840332
0.09697794914245605
0.09936857223510742
0.09773993492126465
0.09772777557373047
0.09795856475830078
0.0982370376586914
0.09788370132446289
0.09604120254516602
0.09783411026000977
0.09802842140197754
0.09807443618774414
0.09790515899658203
0.0978541374206543
0.09886431694030762
0.0986182689666748
0.09992265701293945
0.09891223907470703
0.09875202178955078
0.0985710620880127
0.09869813919067383
0.09833645820617676
0.09781146049499512
0.09821867942810059
0.09783291816711426
0.09801268577575684
0.09963464736938477
0.10335397720336914
0.09950709342956543
0.09797906875610352
0.1002197265625
0.09868025779724121
0.10248064994812012
0.09800481796264648
0.09901785850524902
0.09848833084106445
0.0996389389038086
0.09801506996154785
0.09764504432678223
0.09917330741882324
0.09952640533447266
0.09782528877258301
0.10918736457824707
0.09755563735961914
0.09779858589172363
0.10007834434509277
0.09902310371398926
0.09926533699035645
0.0971982479095459
0.09892392158508301
0.09793663024902344
0.10013246536254883
0.03873181343078613
0.09829998016357422
0.03864026069641113
0.09827733039855957
0.09766983985900879
0.10000371932983398
0.09729480743408203
0.09877943992614746
0.10280179977416992
0.10019564628601074
0.09820222854614258
0.09868645668029785
0.09852123260498047
0.0981907844543457
0.09600591659545898
0.09864330291748047
0.098175048828125
0.09873127937316895
0.1015782356262207
0.09661865234375
0.09801936149597168
0.09769582748413086
0.09737849235534668
0.09784626960754395
0.09772586822509766
0.09769225120544434
0.0981757640838623
0.09911513328552246
0.0979926586151123
0.09673857688903809
0.09679293632507324
0.09767389297485352
0.10470318794250488
0.1002037525177002
0.09893107414245605
0.09871649742126465
0.09888625144958496
0.038810014724731445
0.09968042373657227
0.09706354141235352
0.09754037857055664
0.09749698638916016
0.09774231910705566
0.09811019897460938
0.0978703498840332
0.10012531280517578
0.0981452465057373
0.0989382266998291
0.09758114814758301
0.09998965263366699
0.09737348556518555
0.09819483757019043
0.09859108924865723
0.09850883483886719
0.03887462615966797
0.1029512882232666
0.09847354888916016
0.09711074829101562
0.1028280258178711
0.09820938110351562
0.10170602798461914
0.10408806800842285
0.09824895858764648
0.09816575050354004
0.09864020347595215
0.09796333312988281
0.09722661972045898
0.09767341613769531
0.10290336608886719
0.09748148918151855
0.09984683990478516
0.09879708290100098
0.09798002243041992
0.09724283218383789
0.098114013671875
0.09671688079833984
0.10048079490661621
0.10076069831848145
0.09702110290527344
0.10191512107849121
0.09828877449035645
0.0968172550201416
0.09647321701049805
0.09920549392700195
0.09992671012878418
0.0987100601196289
0.10731148719787598
0.10290050506591797
0.09768390655517578
0.0971677303314209
0.09725832939147949
0.10200858116149902
0.09691214561462402
0.09673571586608887
0.10003542900085449
0.10016512870788574
0.11814141273498535
0.09815192222595215
0.09802985191345215
0.09730315208435059
0.10321402549743652
0.09816718101501465
0.0972895622253418
0.09700751304626465
0.0989079475402832
0.09854698181152344
0.09800267219543457
0.10022950172424316
0.09691977500915527
0.10616827011108398
0.22443652153015137
0.0985414981842041
0.09869575500488281
0.09874582290649414
0.09991264343261719
0.0987863540649414
0.09635686874389648
0.10173511505126953
0.09723472595214844
0.09815669059753418
0.09846925735473633
0.09749555587768555
0.03863191604614258
0.10013461112976074
0.03870081901550293
0.09772014617919922
0.1025235652923584
0.09840011596679688
0.10665392875671387
0.09904670715332031
0.09948444366455078
0.0970313549041748
0.10626578330993652
0.09711098670959473
0.0971217155456543
0.09850621223449707
0.09773993492126465
0.09755396842956543
0.10326743125915527
0.0976095199584961
0.09733796119689941
0.09784603118896484
0.09774208068847656
0.09757542610168457
0.10028815269470215
0.09860110282897949
0.09725332260131836
0.09732723236083984
0.09606528282165527
0.0982506275177002
0.09768056869506836
0.09816575050354004
0.09727597236633301
0.09899449348449707
0.09816098213195801
0.10256481170654297
0.09722542762756348
0.09705686569213867
0.0987708568572998
0.10895490646362305
0.09665560722351074
0.10329604148864746
0.09975409507751465
0.09659790992736816
0.10887718200683594
0.0971529483795166
0.09770441055297852
0.10035586357116699
0.09892082214355469
0.09948205947875977
0.10494160652160645
0.0987851619720459
0.09803628921508789
0.09963250160217285
0.09989595413208008
0.09785795211791992
0.10132122039794922
0.11512041091918945
0.10838127136230469
0.09766221046447754
0.09839344024658203
0.09783220291137695
0.09843754768371582
0.0978391170501709
0.09943485260009766
0.09872245788574219
0.09983515739440918
0.0989682674407959
0.0989995002746582
0.1054537296295166
0.09745025634765625
0.0386958122253418
0.09705615043640137
0.10221505165100098
0.1022179126739502
0.09886670112609863
0.09827494621276855
0.09879255294799805
0.09862852096557617
0.09770417213439941
0.09828853607177734
0.03865170478820801
0.10231518745422363
0.03956294059753418
0.09684538841247559
0.09769105911254883
0.09747481346130371
0.09789037704467773
0.09936141967773438
0.09740376472473145
0.09784865379333496
0.09897232055664062
0.0981297492980957
0.09699726104736328
0.041588783264160156
0.1081228256225586
0.09731316566467285
0.10802054405212402
0.09771060943603516
0.10070252418518066
0.09858274459838867
0.0980985164642334
0.09800529479980469
0.09761857986450195
0.09727215766906738
0.09853959083557129
0.09846639633178711
0.1000680923461914
0.09864616394042969
0.10095620155334473
0.09845876693725586
0.09854793548583984
0.09762787818908691
0.09713006019592285
0.09967637062072754
0.09817838668823242
0.10064864158630371
0.09846234321594238
0.09941554069519043
0.09809184074401855
0.09769558906555176
0.09708118438720703
0.09835410118103027
0.10020613670349121
0.09856414794921875
0.0976870059967041
0.09849691390991211
0.0986170768737793
0.10012960433959961
0.09890389442443848
0.03876924514770508
0.09878754615783691
0.09714007377624512
0.03863406181335449
0.09784102439880371
0.11812710762023926
0.09716606140136719
0.0973663330078125
0.09816503524780273
0.09699583053588867
0.09792232513427734
0.09715604782104492
0.09867000579833984
0.09810042381286621
0.09775900840759277
0.09635066986083984
0.03850054740905762
0.0988314151763916
0.10635662078857422
0.09591150283813477
0.09776020050048828
0.10252618789672852
0.03864479064941406
0.0982050895690918
0.09731149673461914
0.0969247817993164
0.0974421501159668
0.09898066520690918
0.09814190864562988
0.03946805000305176
0.09955215454101562
0.09852170944213867
0.09806489944458008
0.09601283073425293
0.09814333915710449
0.09800410270690918
0.0965886116027832
0.1072835922241211
0.09761571884155273
0.09792160987854004
0.09877562522888184
0.09782814979553223
0.09966063499450684
0.09815740585327148
0.09771013259887695
0.0386815071105957
0.09939789772033691
0.09859275817871094
0.09807586669921875
0.1014096736907959
0.09951281547546387
0.09974479675292969
0.09971761703491211
0.09762215614318848
0.09659075736999512
0.09793782234191895
0.09694027900695801
0.09725618362426758
0.09699797630310059
0.09774446487426758
0.09644055366516113
0.09818458557128906
0.09887480735778809
0.1002497673034668
0.09784865379333496
0.09888768196105957
0.09825897216796875
0.09665942192077637
0.09764504432678223
0.09753108024597168
0.1018362045288086
0.09853172302246094
0.09784984588623047
0.09723234176635742
0.10312151908874512
0.09797501564025879
0.0981760025024414
0.09892487525939941
0.10729289054870605
0.0991063117980957
0.09868597984313965
0.09798359870910645
0.0993800163269043
0.09894609451293945
0.09782600402832031
0.03870439529418945
0.1028435230255127
0.10033369064331055
0.09714198112487793
0.09873032569885254
0.10338521003723145
0.0982670783996582
0.09778690338134766
0.09891939163208008
0.09700608253479004
0.039078474044799805
0.09860873222351074
0.09827375411987305
0.09775233268737793
0.0970757007598877
0.09949684143066406
0.09743165969848633
0.0982050895690918
0.09886574745178223
0.09822297096252441
0.0979759693145752
0.09885501861572266
0.09816098213195801
0.0993645191192627
0.10103201866149902
0.09847044944763184
0.09785747528076172
0.09756040573120117
0.09955358505249023
0.09899711608886719
0.09712529182434082
0.09754419326782227
0.0977022647857666
0.0977790355682373
0.09801936149597168
0.09896564483642578
0.09853076934814453
0.09763717651367188
0.09887123107910156
0.09804797172546387
0.09855389595031738
0.09952521324157715
0.09828305244445801
0.10097837448120117
0.09900283813476562
0.09786844253540039
0.0983881950378418
0.10149359703063965
0.09932470321655273
0.09783601760864258
0.09857869148254395
0.10125207901000977
0.09757637977600098
0.09911441802978516
0.5208125114440918
0.09854984283447266
0.09889531135559082
0.09735918045043945
0.09750652313232422
0.09891295433044434
0.09744000434875488
0.0995798110961914
0.09721994400024414
0.09889459609985352
0.09786462783813477
0.09789371490478516
0.09806537628173828
0.09778141975402832
0.09913086891174316
0.0989530086517334
0.09845757484436035
0.098052978515625
0.0981752872467041
0.09909510612487793
0.10174202919006348
0.09952878952026367
0.0997779369354248
0.09800148010253906
0.09813594818115234
0.09826850891113281
0.09783935546875
0.09889078140258789
0.09897232055664062
0.09802103042602539
0.09789443016052246
0.0997476577758789
0.09818196296691895
0.09819841384887695
0.09816789627075195
0.0982966423034668
0.09776020050048828
0.09874582290649414
0.09853267669677734
0.09737348556518555
0.09765958786010742
0.10016632080078125
0.0983724594116211
0.09840130805969238
0.09887003898620605
0.09852766990661621
0.09763622283935547
0.09954690933227539
0.09900355339050293
0.09899115562438965
0.09936237335205078
0.0392155647277832
0.09745311737060547
0.10000133514404297
0.09890604019165039
0.09726715087890625
0.09824228286743164
0.10067248344421387
0.09861326217651367
0.10312342643737793
0.09930181503295898
0.09829568862915039
0.09838056564331055
0.09813332557678223
0.10242342948913574
0.09763431549072266
0.09816312789916992
0.09828782081604004
0.10007548332214355
0.1003577709197998
0.09853959083557129
0.09865927696228027
0.09862685203552246
0.0985722541809082
0.09743332862854004
0.09775733947753906
0.10070037841796875
0.1007077693939209
0.10013771057128906
0.09771490097045898
0.09979033470153809
0.1063680648803711
0.09888458251953125
0.09803295135498047
0.09730839729309082
0.09795355796813965
0.0970773696899414
0.09776139259338379
0.09856796264648438
0.10000276565551758
0.09773874282836914
0.09789824485778809
0.03886604309082031
0.09700632095336914
0.09854459762573242
0.09844279289245605
0.09946465492248535
0.0961618423461914
0.10158109664916992
0.09581565856933594
0.09887456893920898
0.10132670402526855
0.10068511962890625
0.09769845008850098
0.09899115562438965
0.09784150123596191
0.09926795959472656
0.09800577163696289
0.09715843200683594
0.09831094741821289
0.09830474853515625
0.03874516487121582
0.09847283363342285
0.09787726402282715
0.09776878356933594
0.09865760803222656
0.09888935089111328
0.09704899787902832
0.0984201431274414
0.09742474555969238
0.10538125038146973
0.09813880920410156
0.10095882415771484
0.09705924987792969
0.09812545776367188
0.10145950317382812
0.10184550285339355
0.10049009323120117
0.09685087203979492
0.09826207160949707
0.09886455535888672
0.09818267822265625
0.09839653968811035
0.0994408130645752
0.0969843864440918
0.09796857833862305
0.09880256652832031
0.09980630874633789
0.10134744644165039
0.10268497467041016
0.10030937194824219
0.10265636444091797
0.09912824630737305
0.09870672225952148
0.09731888771057129
0.09880256652832031
0.0980222225189209
0.1013331413269043
0.09948897361755371
0.09712624549865723
0.10152554512023926
0.09761667251586914
0.09879565238952637
0.0980691909790039
0.09717607498168945
0.09767746925354004
0.09778046607971191
0.0978231430053711
0.10120272636413574
0.09920573234558105
0.09788203239440918
0.09742403030395508
0.09800910949707031
0.09788632392883301
0.09711790084838867
0.09751033782958984
0.09687542915344238
0.09760808944702148
0.09886360168457031
0.09918928146362305
0.09775757789611816
0.09835290908813477
0.09682607650756836
0.10009455680847168
0.09720993041992188
0.09907054901123047
0.09723091125488281
0.0982503890991211
0.0976099967956543
0.09703397750854492
0.09774899482727051
0.09808588027954102
0.10276961326599121
0.0985879898071289
0.09833240509033203
0.09946703910827637
0.09857177734375
0.09798836708068848
0.10722231864929199
0.09828591346740723
0.09901237487792969
0.10115504264831543
0.0972905158996582
0.09709787368774414
0.09992480278015137
0.09888696670532227
0.09760832786560059
0.09849119186401367
0.09970450401306152
0.09848546981811523
0.09703278541564941
0.09707760810852051
0.09654879570007324
0.10000729560852051
0.09914970397949219
0.09887099266052246
0.03972935676574707
0.09817814826965332
0.09891462326049805
0.09776973724365234
0.09767889976501465
0.09758830070495605
0.0981440544128418
0.09950637817382812
0.10193490982055664
0.09793472290039062
0.09733319282531738
0.0976412296295166
0.09995579719543457
0.09824609756469727
0.10226774215698242
0.09673404693603516
0.09806299209594727
0.03866934776306152
0.03897523880004883
0.10736346244812012
0.09908080101013184
0.09887099266052246
0.10197043418884277
0.09735417366027832
0.09915566444396973
0.09701371192932129
0.09656357765197754
0.09920167922973633
0.038784027099609375
0.03884577751159668
0.09892940521240234
0.10060739517211914
0.09949994087219238
0.09850811958312988
0.10270953178405762
0.09903502464294434
0.5368919372558594
0.10688138008117676
0.10515713691711426
0.09775114059448242
0.09869861602783203
0.09862256050109863
0.09987449645996094
0.09942984580993652
0.09739303588867188
0.10040092468261719
0.09862422943115234
0.10222291946411133
0.09930133819580078
0.09857416152954102
0.09788775444030762
0.18076276779174805
0.10134363174438477
0.10212063789367676
0.09910941123962402
0.09984564781188965
0.09851622581481934
0.09922337532043457
0.0969088077545166
0.09787440299987793
0.0992884635925293
0.10278201103210449
0.09822559356689453
0.09919142723083496
0.04186844825744629
0.10068392753601074
0.09948015213012695
0.09980082511901855
0.09811139106750488
0.10466885566711426
0.09676599502563477
0.09987187385559082
0.0989389419555664
0.09937262535095215
0.09779715538024902
0.10112571716308594
0.09907865524291992
0.0997166633605957
0.09654808044433594
0.09797239303588867
0.09803247451782227
0.09700918197631836
0.09741854667663574
0.09954977035522461
0.09769964218139648
0.09869885444641113
0.09777188301086426
0.09885978698730469
0.09757161140441895
0.0979011058807373
0.10269880294799805
0.0976705551147461
0.09784698486328125
0.09783101081848145
0.10005044937133789
0.09925460815429688
0.10064864158630371
0.09743785858154297
0.0995481014251709
0.09830451011657715
0.09806704521179199
0.10276269912719727
0.0977776050567627
0.0998849868774414
0.09792947769165039
0.09845232963562012
0.09880542755126953
0.10007596015930176
0.09747838973999023
0.09943413734436035
0.03888964653015137
0.09836792945861816
0.09665536880493164
0.09736132621765137
0.09756779670715332
0.10577845573425293
0.09838199615478516
0.09975171089172363
0.0972299575805664
0.1003580093383789
0.0982201099395752
0.0978846549987793
0.038855552673339844
0.09681892395019531
0.09862852096557617
0.09804534912109375
0.0971534252166748
0.0998072624206543
0.09760689735412598
0.09797215461730957
0.09998488426208496
0.09852814674377441
0.09759044647216797
0.09993481636047363
0.03867030143737793
0.09858155250549316
0.09891724586486816
0.09857439994812012
0.0989234447479248
0.10191774368286133
0.09757304191589355
0.10023999214172363
0.09796500205993652
0.09898018836975098
0.09706234931945801
0.09873080253601074
0.09750866889953613
0.09717988967895508
0.09689950942993164
0.09972143173217773
0.09695243835449219
0.09723162651062012
0.09734368324279785
0.09965252876281738
0.03958845138549805
0.09820938110351562
0.0992879867553711
0.09804868698120117
0.09692049026489258
0.09883928298950195
0.09712457656860352
0.0979318618774414
0.09866547584533691
0.09863042831420898
0.0996251106262207
0.09762334823608398
0.10086464881896973
0.09633803367614746
0.09813332557678223
0.09821891784667969
0.09740185737609863
0.0972142219543457
0.0993189811706543
0.09756207466125488
0.09897041320800781
0.09797191619873047
0.09685111045837402
0.09900236129760742
0.09739398956298828
0.10432648658752441
0.09621119499206543
0.09755301475524902
0.09771108627319336
0.09673452377319336
0.09708976745605469
0.10323905944824219
0.09815311431884766
0.09742403030395508
0.09784173965454102
0.09794282913208008
0.09834885597229004
0.09751081466674805
0.09727287292480469
0.03871273994445801
0.09733247756958008
0.09782171249389648
0.09689450263977051
0.09757614135742188
0.09819221496582031
0.0972757339477539
0.0971674919128418
0.09731364250183105
0.09721636772155762
0.09980916976928711
0.09945464134216309
0.09756827354431152
0.09715747833251953
0.09915494918823242
0.03957223892211914
0.09920501708984375
0.10030198097229004
0.09654855728149414
0.0969693660736084
0.09691047668457031
0.09810781478881836
0.09698009490966797
0.09755396842956543
0.09856915473937988
0.09729957580566406
0.09884810447692871
0.09714794158935547
0.03856682777404785
0.09739303588867188
0.09911227226257324
0.09705758094787598
0.09781026840209961
0.09765291213989258
0.0395658016204834
0.09753584861755371
0.09828519821166992
0.038780927658081055
0.09929585456848145
0.09905314445495605
0.09759902954101562
0.09845948219299316
0.09743380546569824
0.09781670570373535
0.09795975685119629
0.10121393203735352
0.0984954833984375
0.09791374206542969
0.09886527061462402
0.10386300086975098
0.10717391967773438
0.09809494018554688
0.09930014610290527
0.09813284873962402
0.09664487838745117
0.03864741325378418
0.09714460372924805
0.09756112098693848
0.03934073448181152
0.09781646728515625
0.10264825820922852
0.09958982467651367
0.10784411430358887
0.10155463218688965
0.10029363632202148
0.09894728660583496
0.09767007827758789
0.03854990005493164
0.09775876998901367
0.09754347801208496
0.09784770011901855
0.10068941116333008
0.09809470176696777
0.0974280834197998
0.09712648391723633
0.09813809394836426
0.09730768203735352
0.10245990753173828
0.09907770156860352
0.10726714134216309
0.09754467010498047
0.09830093383789062
0.0390467643737793
0.03878355026245117
0.09824085235595703
0.09718513488769531
0.09781193733215332
0.0983271598815918
0.09777688980102539
0.1004481315612793
0.09669256210327148
0.09764409065246582
0.0986948013305664
0.09701919555664062
0.09883379936218262
0.09835457801818848
0.09809446334838867
0.09816193580627441
0.09858489036560059
0.09656715393066406
0.09814095497131348
0.09819293022155762
0.0970926284790039
0.09863471984863281
0.09735655784606934
0.0979468822479248
0.09989237785339355
0.09791183471679688
0.09713625907897949
0.1010589599609375
0.0979471206665039
0.09730291366577148
0.1262655258178711
0.10325980186462402
0.10008692741394043
0.09894943237304688
0.12199020385742188
0.09807300567626953
0.0977482795715332
0.09839224815368652
0.09933829307556152
0.09775662422180176
0.10010170936584473
0.09877848625183105
0.09875655174255371
0.09863018989562988
0.104034423828125
0.10501360893249512
0.1033623218536377
0.09891963005065918
0.09888744354248047
0.09938502311706543
0.0979611873626709
0.10012078285217285
0.09907937049865723
0.09747910499572754
0.09817171096801758
0.09785676002502441
0.09778046607971191
0.09787750244140625
0.0968465805053711
0.10145354270935059
0.09808731079101562
0.039222002029418945
0.09801578521728516
0.098602294921875
0.09893298149108887
0.09953951835632324
0.03931546211242676
0.09811806678771973
0.09671807289123535
0.09718632698059082
0.03866147994995117
0.09880542755126953
0.10079669952392578
0.09714770317077637
0.10016512870788574
0.09857726097106934
0.0986471176147461
0.10129427909851074
0.09725475311279297
0.09748506546020508
0.09826445579528809
0.09847474098205566
0.09858131408691406
0.09796261787414551
0.09794354438781738
0.09772372245788574
0.09720396995544434
0.09771251678466797
0.10287308692932129
0.0995035171508789
0.038846492767333984
0.09884905815124512
0.09836816787719727
0.09743547439575195
0.09957075119018555
0.09726595878601074
0.09782910346984863
0.09744000434875488
0.09951639175415039
0.09905743598937988
0.09863948822021484
0.09707021713256836
0.09660124778747559
0.0386967658996582
0.09738039970397949
0.09784889221191406
0.0982365608215332
0.09885573387145996
0.09741401672363281
0.0969691276550293
0.09903621673583984
0.09820127487182617
0.1075437068939209
0.03936409950256348
0.09654903411865234
0.09950995445251465
0.09770536422729492
0.0386505126953125
0.11800217628479004
0.03875279426574707
0.09777522087097168
0.09698605537414551
0.09739470481872559
0.10232758522033691
0.09782743453979492
0.09809756278991699
0.10130715370178223
0.09721946716308594
0.09866166114807129
0.09706711769104004
0.09850621223449707
0.09722352027893066
0.0394284725189209
0.03867745399475098
0.10008406639099121
0.10211658477783203
0.09727931022644043
0.09886455535888672
0.09768915176391602
0.09818172454833984
0.09926939010620117
0.09864354133605957
0.09825921058654785
0.0967409610748291
0.09933876991271973
0.09842562675476074
0.09798502922058105
0.09772634506225586
0.09808874130249023
0.0978858470916748
0.0386505126953125
0.10084080696105957
0.09702539443969727
0.09862303733825684
0.09950900077819824
0.09839773178100586
0.09821200370788574
0.09965324401855469
0.10006213188171387
0.09877848625183105
0.09893131256103516
0.0957326889038086
0.0971531867980957
0.09852480888366699
0.09766864776611328
0.09741401672363281
0.10027456283569336
0.09849739074707031
0.10069561004638672
0.10135340690612793
0.038924217224121094
0.09732604026794434
0.10018563270568848
0.09908270835876465
0.09944653511047363
0.09751486778259277
0.09865117073059082
0.09916543960571289
0.09766554832458496
0.10614252090454102
0.09841060638427734
0.0997626781463623
0.09851551055908203
0.09770822525024414
0.09879684448242188
0.09800267219543457
0.09765863418579102
0.0987083911895752
0.09827494621276855
0.0975346565246582
0.09833073616027832
0.09795808792114258
0.0976250171661377
0.10376763343811035
0.09891366958618164
0.09944677352905273
0.09902691841125488
0.09906792640686035
0.09784960746765137
0.09702825546264648
0.09673905372619629
0.11625909805297852
0.09894895553588867
0.10297036170959473
0.0980386734008789
0.09751176834106445
0.09907245635986328
0.09677314758300781
0.0963141918182373
0.03949570655822754
0.09924960136413574
0.09731459617614746
0.09796380996704102
0.09675455093383789
0.09764647483825684
0.09780669212341309
0.09637212753295898
0.10224294662475586
0.03944087028503418
0.03857064247131348
0.09763407707214355
0.0977637767791748
0.09797143936157227
0.09689164161682129
0.09831953048706055
0.09706592559814453
0.10107874870300293
0.09711909294128418
0.09694290161132812
0.09866714477539062
0.10177230834960938
0.09748578071594238
0.09804654121398926
0.09824252128601074
0.09928560256958008
0.10190248489379883
0.0970606803894043
0.09784746170043945
0.09803271293640137
0.10675549507141113
0.09752106666564941
0.09822273254394531
0.09726595878601074
0.09806013107299805
0.09683752059936523
0.09860444068908691
0.09796857833862305
0.09734940528869629
0.09781527519226074
0.11859774589538574
0.09720063209533691
0.09683990478515625
0.0981135368347168
0.09821033477783203
0.10167837142944336
0.10010266304016113
0.09770512580871582
0.09704279899597168
0.09712409973144531
0.0993189811706543
0.0977177619934082
0.09692549705505371
0.09853386878967285
0.09843969345092773
0.09633636474609375
0.09657025337219238
0.03868556022644043
0.09815168380737305
0.0974419116973877
0.09920096397399902
0.10242009162902832
0.09712958335876465
0.09727001190185547
0.09825444221496582
0.09736180305480957
0.099090576171875
0.03856801986694336
0.09796452522277832
0.09826850891113281
0.09962010383605957
0.09809207916259766
0.10193538665771484
0.09954953193664551
0.10058712959289551
0.0986015796661377
0.09961438179016113
0.09790658950805664
0.09648966789245605
0.0969386100769043
0.09804129600524902
0.09766602516174316
0.09717154502868652
0.09891939163208008
0.0968010425567627
0.09810709953308105
0.10002756118774414
0.09736323356628418
0.09747505187988281
0.09801483154296875
0.09827113151550293
0.11571121215820312
0.10197114944458008
0.09711074829101562
0.09692597389221191
0.09723830223083496
0.09789037704467773
0.09723782539367676
0.09744048118591309
0.0984337329864502
0.0985109806060791
0.09708881378173828
0.09728360176086426
0.09809994697570801
0.09883522987365723
0.09903550148010254
0.09893250465393066
0.09800386428833008
0.09856534004211426
0.09707331657409668
0.03865647315979004
0.09853601455688477
0.09740161895751953
0.09844827651977539
0.09883570671081543
0.0977628231048584
0.09816265106201172
0.09987258911132812
0.09816241264343262
0.09802436828613281
0.09895062446594238
0.09990406036376953
0.09894943237304688
0.09733915328979492
0.09853291511535645
0.09830474853515625
0.09716796875
0.09711408615112305
0.10025548934936523
0.10667848587036133
0.09823155403137207
0.09804439544677734
0.09917807579040527
0.09709596633911133
0.10507965087890625
0.09943914413452148
0.09994673728942871
0.10016775131225586
0.09712004661560059
0.10274004936218262
0.09920024871826172
0.10159444808959961
0.10085821151733398
0.03851509094238281
0.09681582450866699
0.09882640838623047
0.09764599800109863
0.03859353065490723
0.09897065162658691
0.09895181655883789
0.09909224510192871
0.0985105037689209
0.09715652465820312
0.09736180305480957
0.09869503974914551
0.0385744571685791
0.09950065612792969
0.10802721977233887
0.09801197052001953
0.09894180297851562
0.09804391860961914
0.0977330207824707
0.039819955825805664
0.09885740280151367
0.09814858436584473
0.09719276428222656
0.09941959381103516
0.09821867942810059
0.09907770156860352
0.03892946243286133
0.09874439239501953
0.09944796562194824
0.09804725646972656
0.09679198265075684
0.09835982322692871
0.09830021858215332
0.03905487060546875
0.09784078598022461
0.09989261627197266
0.09763097763061523
0.09785175323486328
0.09859466552734375
0.09955143928527832
0.09726119041442871
0.0981903076171875
0.09748458862304688
0.09903073310852051
0.09844517707824707
0.038611650466918945
0.09920597076416016
0.09895110130310059
0.10128235816955566
0.09716391563415527
0.09778690338134766
0.09848189353942871
0.09683585166931152
0.10022354125976562
0.09759092330932617
0.09967422485351562
0.10139679908752441
0.09838223457336426
0.09752559661865234
0.09874367713928223
0.09889578819274902
0.09972953796386719
0.09919571876525879
0.10647416114807129
0.09916377067565918
0.03903555870056152
0.09815359115600586
0.10181570053100586
0.09838747978210449
0.09759521484375
0.09749126434326172
0.09981966018676758
0.09832096099853516
0.09861421585083008
0.09792542457580566
0.09835958480834961
0.0977475643157959
0.09863781929016113
0.10381722450256348
0.09779810905456543
0.09823775291442871
0.09860825538635254
0.10013198852539062
0.09703683853149414
0.09794974327087402
0.0975496768951416
0.09697604179382324
0.09821486473083496
0.098419189453125
0.0980067253112793
0.09917068481445312
0.09776854515075684
0.09779810905456543
0.0970156192779541
0.09661054611206055
0.09802103042602539
0.09869074821472168
0.09835124015808105
0.09947824478149414
0.0970761775970459
0.0971980094909668
0.10009479522705078
0.11702704429626465
0.03864860534667969
0.09808945655822754
0.10236811637878418
0.099334716796875
0.09796667098999023
0.09920096397399902
0.09957146644592285
0.09855055809020996
0.09813785552978516
0.09897708892822266
0.09988284111022949
0.0985708236694336
0.09870243072509766
0.09800314903259277
0.0986025333404541
0.09772300720214844
0.09846162796020508
0.09787869453430176
0.0978090763092041
0.10513663291931152
0.09965395927429199
0.0981593132019043
0.0972447395324707
0.09798693656921387
0.09813380241394043
0.09842348098754883
0.09884357452392578
0.09944415092468262
0.09795880317687988
0.1004643440246582
0.0990152359008789
0.09739279747009277
0.10065770149230957
0.0996396541595459
0.09976482391357422
0.09891033172607422
0.09749197959899902
0.09924745559692383
0.09862327575683594
0.09840703010559082
0.09721970558166504
0.09761929512023926
0.09939074516296387
0.10273599624633789
0.03954744338989258
0.09800434112548828
0.09973502159118652
0.0986936092376709
0.09962677955627441
0.09803533554077148
0.09764814376831055
0.09868097305297852
0.09809279441833496
0.0973825454711914
0.10129785537719727
0.09938216209411621
0.10094499588012695
0.11765384674072266
0.09806299209594727
0.10182595252990723
0.09946131706237793
0.10036253929138184
0.09849953651428223
0.09941434860229492
0.0981593132019043
0.09758687019348145
0.03974175453186035
0.09910368919372559
0.10007262229919434
0.03876066207885742
0.10330629348754883
0.09834933280944824
0.10097384452819824
0.09716558456420898
0.09768319129943848
0.09764790534973145
0.09980154037475586
0.11829829216003418
0.09650397300720215
0.09926414489746094
0.09826397895812988
0.1003713607788086
0.09639215469360352
0.09779667854309082
0.09893584251403809
0.09769940376281738
0.09739041328430176
0.09939050674438477
0.09893655776977539
0.09858107566833496
0.09963369369506836
0.03857135772705078
0.09784960746765137
0.1007843017578125
0.0992887020111084
0.09709596633911133
0.09636235237121582
0.0970909595489502
0.09742975234985352
0.09766149520874023
0.03875613212585449
0.0977776050567627
0.10940408706665039
0.09711599349975586
0.09772205352783203
0.09628152847290039
0.09913325309753418
0.09957027435302734
0.0972127914428711
0.0973825454711914
0.09679627418518066
0.09832024574279785
0.09888315200805664
0.10113930702209473
0.09981870651245117
0.09766721725463867
0.10564970970153809
0.10265898704528809
0.10186433792114258
0.09702825546264648
0.09772443771362305
0.10227417945861816
0.09771966934204102
0.03851604461669922
0.03962421417236328
0.0993647575378418
0.09635400772094727
0.10022664070129395
0.09950947761535645
0.09694814682006836
0.09675097465515137
0.09821557998657227
0.09790515899658203
0.096832275390625
0.10157632827758789
0.09950494766235352
0.0969552993774414
0.09694933891296387
0.10068821907043457
0.09895563125610352
0.10098028182983398
0.09844350814819336
0.09801983833312988
0.10119271278381348
0.09777474403381348
0.09941959381103516
0.09932374954223633
0.10748410224914551
0.09896612167358398
0.03849911689758301
0.03889322280883789
0.09720635414123535
0.0974268913269043
0.10524749755859375
0.09690666198730469
0.09910368919372559
0.09963202476501465
0.09802484512329102
0.1156005859375
0.09739995002746582
0.0979311466217041
0.099029541015625
0.09763121604919434
0.09989452362060547
0.09679174423217773
0.09702014923095703
0.09610342979431152
0.10126280784606934
0.09708356857299805
0.0976719856262207
0.10203957557678223
0.0987393856048584
0.09854745864868164
0.09854316711425781
0.09826064109802246
0.09928011894226074
0.09731817245483398
0.09796571731567383
0.10497021675109863
0.09879231452941895
0.097808837890625
0.10368227958679199
0.09944868087768555
0.0987095832824707
0.09891772270202637
0.09760642051696777
0.10271382331848145
0.09805941581726074
0.09803271293640137
0.09807443618774414
0.09778881072998047
0.09814763069152832
0.09800362586975098
0.09903097152709961
0.0986473560333252
0.03853631019592285
0.09815359115600586
0.10175752639770508
0.09922909736633301
0.0987253189086914
0.097503662109375
0.09810423851013184
0.09856510162353516
0.09798884391784668
0.09692955017089844
0.09726095199584961
0.09821605682373047
0.10161638259887695
0.09788846969604492
0.09721994400024414
0.09864044189453125
0.09900975227355957
0.09730172157287598
0.09885501861572266
0.09838533401489258
0.0993189811706543
0.09811639785766602
0.10634779930114746
0.10231852531433105
0.09908032417297363
0.09813499450683594
0.10111451148986816
0.0987098217010498
0.0980994701385498
0.09858965873718262
0.03878021240234375
0.0969994068145752
0.09774303436279297
0.09782719612121582
0.09868907928466797
0.09928655624389648
0.038778066635131836
0.09752964973449707
0.09730148315429688
0.09865546226501465
0.09815382957458496
0.09701776504516602
0.09865546226501465
0.09734964370727539
0.09722232818603516
0.09813570976257324
0.09863162040710449
0.09836459159851074
0.09828972816467285
0.10012125968933105
0.10004925727844238
0.09899759292602539
0.09912753105163574
0.09849905967712402
0.09773802757263184
0.09794497489929199
0.09923791885375977
0.10177874565124512
0.09840011596679688
0.09812116622924805
0.09756970405578613
0.09797453880310059
0.09723901748657227
0.09838271141052246
0.09919404983520508
0.09997391700744629
0.0982065200805664
0.09841156005859375
0.09807252883911133
0.09908461570739746
0.09796833992004395
0.09762454032897949
0.09811854362487793
0.09862422943115234
0.09966468811035156
0.09863758087158203
0.0984959602355957
0.09850025177001953
0.0967862606048584
0.09911394119262695
0.09927129745483398
0.10019087791442871
0.09728026390075684
0.09688758850097656
0.09937047958374023
0.09822368621826172
0.0986025333404541
0.09943199157714844
0.10088539123535156
0.09987831115722656
0.09864354133605957
0.09827375411987305
0.09957480430603027
0.09722089767456055
0.09824037551879883
0.09783244132995605
0.09707164764404297
0.09850406646728516
0.09826779365539551
0.09792661666870117
0.09972643852233887
0.0980076789855957
0.0975496768951416
0.09767889976501465
0.09848856925964355
0.098297119140625
0.09676074981689453
0.09721088409423828
0.0976250171661377
0.09712409973144531
0.09682154655456543
0.1008291244506836
0.09743094444274902
0.09825897216796875
0.038915395736694336
0.03895092010498047
0.09723973274230957
0.11621308326721191
0.09784555435180664
0.10109353065490723
0.038912057876586914
0.0993955135345459
0.09704732894897461
0.09898900985717773
0.10010766983032227
0.09947347640991211
0.09659528732299805
0.09773826599121094
0.09778141975402832
0.038875579833984375
0.09789085388183594
0.09875917434692383
0.09700751304626465
0.09925985336303711
0.09779119491577148
0.09790325164794922
0.09892892837524414
0.0991206169128418
0.09605550765991211
0.09683990478515625
0.03886866569519043
0.09821605682373047
0.0998227596282959
0.09768176078796387
0.09762859344482422
0.10002303123474121
0.0388944149017334
0.09764599800109863
0.09721946716308594
0.09809756278991699
0.09857654571533203
0.09818649291992188
0.09777545928955078
0.09705805778503418
0.09779977798461914
0.10623931884765625
0.09679031372070312
0.10982918739318848
0.09778857231140137
0.039023399353027344
0.0993802547454834
0.09897732734680176
0.09743905067443848
0.09936976432800293
0.09953188896179199
0.09702801704406738
0.09911632537841797
0.09891366958618164
0.09855818748474121
0.09818458557128906
0.03894400596618652
0.09964513778686523
0.1018669605255127
0.09755873680114746
0.09938311576843262
0.09897398948669434
0.09846687316894531
0.03889346122741699
0.03983259201049805
0.09878921508789062
0.10081171989440918
0.03885197639465332
0.09887027740478516
0.09798884391784668
0.09789705276489258
0.0978696346282959
0.09854984283447266
0.09657049179077148
0.09812593460083008
0.09735870361328125
0.0982675552368164
0.03893613815307617
0.09874129295349121
0.0998220443725586
0.09842061996459961
0.09854507446289062
0.09760594367980957
0.09880828857421875
0.09850955009460449
0.09810829162597656
0.09650540351867676
0.09812021255493164
0.09746217727661133
0.09968304634094238
0.09770941734313965
0.0979452133178711
0.09783577919006348
0.09746503829956055
0.09775590896606445
0.09987521171569824
0.09769248962402344
0.09827542304992676
0.1006772518157959
0.10010528564453125
0.09875273704528809
0.0974273681640625
0.09855151176452637
0.0977320671081543
0.09807705879211426
0.09784317016601562
0.09706902503967285
0.09834742546081543
0.09706687927246094
0.09804558753967285
0.03885984420776367
0.09786224365234375
0.0388948917388916
0.09982752799987793
0.09710693359375
0.09879016876220703
0.09836983680725098
0.09922027587890625
0.09767365455627441
0.09974980354309082
0.09978604316711426
0.09877562522888184
0.09872746467590332
0.09843325614929199
0.09805130958557129
0.09788751602172852
0.10214781761169434
0.09678459167480469
0.09840917587280273
0.09747076034545898
0.09769248962402344
0.09869599342346191
0.09827280044555664
0.09814667701721191
0.039894819259643555
0.09828925132751465
0.09690260887145996
0.03899955749511719
0.0985422134399414
0.10037589073181152
0.0975029468536377
0.10089373588562012
0.09944009780883789
0.09920215606689453
0.09712767601013184
0.0979304313659668
0.09894037246704102
0.09687352180480957
0.09709572792053223
0.09771728515625
0.09811782836914062
0.09787702560424805
0.10837745666503906
0.0973196029663086
0.09963440895080566
0.10216569900512695
0.09856534004211426
0.09908080101013184
0.09864497184753418
0.09801149368286133
0.0985867977142334
0.09880352020263672
0.09800601005554199
0.0972146987915039
0.09887576103210449
0.09737563133239746
0.09804821014404297
0.09797358512878418
0.09692120552062988
0.09831976890563965
0.09796333312988281
0.040003299713134766
0.10501933097839355
0.09721899032592773
0.09799766540527344
0.0983724594116211
0.10042119026184082
0.03903460502624512
0.03937411308288574
0.09714984893798828
0.09808731079101562
0.09918642044067383
0.09718942642211914
0.10213565826416016
0.10033750534057617
0.09824609756469727
0.09761500358581543
0.09714245796203613
0.10189223289489746
0.10078668594360352
0.09710288047790527
0.09762096405029297
0.09699654579162598
0.09869575500488281
0.09858989715576172
0.09767293930053711
0.10059905052185059
0.10176229476928711
0.09809112548828125
0.09920430183410645
0.09795999526977539
0.09856986999511719
0.10075139999389648
0.09802436828613281
0.0976102352142334
0.10114860534667969
0.09906554222106934
0.09751510620117188
0.0990438461303711
0.10030055046081543
0.09920287132263184
0.09769034385681152
0.10414910316467285
0.09915852546691895
0.09789466857910156
0.09879946708679199
0.1025841236114502
0.09817171096801758
0.09976601600646973
0.09879612922668457
0.1000974178314209
0.0988311767578125
0.09930419921875
0.03932690620422363
0.0966641902923584
0.09920716285705566
0.09862542152404785
0.09807848930358887
0.09948873519897461
0.1029198169708252
0.0993032455444336
0.0986027717590332
0.09674787521362305
0.09844493865966797
0.09821629524230957
0.09883475303649902
0.09855365753173828
0.10724830627441406
0.09930205345153809
0.09723925590515137
0.0989844799041748
0.09711718559265137
0.09773397445678711
0.09896588325500488
0.09743356704711914
0.03882718086242676
0.03904461860656738
0.09923911094665527
0.0970761775970459
0.10223746299743652
0.09743022918701172
0.0971989631652832
0.09774279594421387
0.10004591941833496
0.09746694564819336
0.09760260581970215
0.0978541374206543
0.09713006019592285
0.0978384017944336
0.0990591049194336
0.09835219383239746
0.09761571884155273
0.10232806205749512
0.096923828125
0.03883481025695801
0.09760165214538574
0.10008502006530762
0.03884601593017578
0.09804749488830566
0.09922289848327637
0.10595178604125977
0.09981083869934082
0.09892654418945312
0.09737586975097656
0.09854722023010254
0.09850478172302246
0.10193109512329102
0.09977221488952637
0.10255312919616699
0.09660720825195312
0.09827041625976562
0.09931230545043945
0.09823441505432129
0.09716367721557617
0.09853410720825195
0.09709835052490234
0.09933137893676758
0.09979891777038574
0.09693503379821777
0.0977330207824707
0.09784793853759766
0.09936046600341797
0.09822249412536621
0.0992431640625
0.09992623329162598
0.09833002090454102
0.03969311714172363
0.09721183776855469
0.09846615791320801
0.10817933082580566
0.10064506530761719
0.09996938705444336
0.10589838027954102
0.0983285903930664
0.09743356704711914
0.09898638725280762
0.038776397705078125
0.09805464744567871
0.09764552116394043
0.09608125686645508
0.09993124008178711
0.09896612167358398
0.09760928153991699
0.09676790237426758
0.09920072555541992
0.09802746772766113
0.09834027290344238
0.09964752197265625
0.10392189025878906
0.09783220291137695
0.03875923156738281
0.09828352928161621
0.0997319221496582
0.09821891784667969
0.10198831558227539
0.09959149360656738
0.09904789924621582
0.09805893898010254
0.09796500205993652
0.0985872745513916
0.0987999439239502
0.09710335731506348
0.09817266464233398
0.09710931777954102
0.09849214553833008
0.0998389720916748
0.09801077842712402
0.1023259162902832
0.09892892837524414
0.09776878356933594
0.0981442928314209
0.09894871711730957
0.09987688064575195
0.09775590896606445
0.09942126274108887
0.09755396842956543
0.09634780883789062
0.09901714324951172
0.09747052192687988
0.09620213508605957
0.10010266304016113
0.0977020263671875
0.09773826599121094
0.09777355194091797
0.09783363342285156
0.10981249809265137
0.0989840030670166
0.09822559356689453
0.09770369529724121
0.1031348705291748
0.09855532646179199
0.09632658958435059
0.09900546073913574
0.10011172294616699
0.09970426559448242
0.11767983436584473
0.09876775741577148
0.09888362884521484
0.09684443473815918
0.09965658187866211
0.09740543365478516
0.10622572898864746
0.09804201126098633
0.09938502311706543
0.03891158103942871
0.10116434097290039
0.09987664222717285
0.09816479682922363
0.10048913955688477
0.09775304794311523
0.09628605842590332
0.09765768051147461
0.0969076156616211
0.0980231761932373
0.10061287879943848
0.09743261337280273
0.09805655479431152
0.09798884391784668
0.09721994400024414
0.09875202178955078
0.0986943244934082
0.09731936454772949
0.09762144088745117
0.09810733795166016
0.09749937057495117
0.09638690948486328
0.09689855575561523
0.0975644588470459
0.09720563888549805
0.0989539623260498
0.0973045825958252
0.09618449211120605
0.09930968284606934
0.09795784950256348
0.038837432861328125
0.09921526908874512
0.09896469116210938
0.09622931480407715
0.0979616641998291
0.09719395637512207
0.10031390190124512
0.09664773941040039
0.09919500350952148
0.09748101234436035
0.09641003608703613
0.09765243530273438
0.09838581085205078
0.0997772216796875
0.09852147102355957
0.09960746765136719
0.1024165153503418
0.09692978858947754
0.09984230995178223
0.09707975387573242
0.09897637367248535
0.10544824600219727
0.09813237190246582
0.09899687767028809
0.09798979759216309
0.09935784339904785
0.09874677658081055
0.09802722930908203
0.09711670875549316
0.09847068786621094
0.09905028343200684
0.09972763061523438
0.09815239906311035
0.09757423400878906
0.09949254989624023
0.09876632690429688
0.09919238090515137
0.09627604484558105
0.09866786003112793
0.0983133316040039
0.09810161590576172
0.09853100776672363
0.09718084335327148
0.03891587257385254
0.09796380996704102
0.09693646430969238
0.09990048408508301
0.09914064407348633
0.09772133827209473
0.09793972969055176
0.0986013412475586
0.09730076789855957
0.09753727912902832
0.09909558296203613
0.09842634201049805
0.038851261138916016
0.09871363639831543
0.09988999366760254
0.09887504577636719
0.09775066375732422
0.09888291358947754
0.097991943359375
0.09843611717224121
0.0980994701385498
0.038857221603393555
0.09948968887329102
0.09767341613769531
0.09927868843078613
0.09856748580932617
0.09750771522521973
0.09817028045654297
0.09657549858093262
0.09854841232299805
0.09789037704467773
0.09726262092590332
0.09867382049560547
0.09716176986694336
0.09871602058410645
0.09675812721252441
0.03886246681213379
0.09784722328186035
0.09943938255310059
0.09827232360839844
0.09946370124816895
0.09775495529174805
0.10033941268920898
0.0980234146118164
0.09770703315734863
0.10021805763244629
0.09782075881958008
0.09758901596069336
0.03885626792907715
0.09756827354431152
0.09757351875305176
0.09820151329040527
0.09761285781860352
0.0979776382446289
0.10126304626464844
0.0986185073852539
0.09822869300842285
0.03980207443237305
0.09914183616638184
0.09810471534729004
0.09811162948608398
0.09983563423156738
0.10105633735656738
0.09912562370300293
0.10791516304016113
0.09837150573730469
0.09716081619262695
0.09691667556762695
0.09710884094238281
0.09813714027404785
0.09947085380554199
0.09734034538269043
0.09767818450927734
0.09806418418884277
0.09823465347290039
0.10169434547424316
0.09882640838623047
0.10253024101257324
0.11558127403259277
0.10219144821166992
0.09738874435424805
0.09736132621765137
0.09729290008544922
0.09758257865905762
0.09864425659179688
0.03890681266784668
0.1003718376159668
0.09780430793762207
0.09797406196594238
0.09906959533691406
0.10073447227478027
0.10504007339477539
0.09784889221191406
0.038643598556518555
0.0971975326538086
0.097076416015625
0.09761595726013184
0.09755635261535645
0.10076332092285156
0.09942984580993652
0.0975191593170166
0.09802865982055664
0.09728169441223145
0.03885698318481445
0.09998559951782227
0.10061454772949219
0.09779000282287598
0.09737992286682129
0.0982518196105957
0.0963907241821289
0.09839129447937012
0.09760451316833496
0.0987861156463623
0.09697914123535156
0.10464191436767578
0.10416412353515625
0.09940981864929199
0.0974280834197998
0.09702396392822266
0.09867405891418457
0.09868144989013672
0.09918045997619629
0.09784364700317383
0.10173559188842773
0.1053307056427002
0.09900498390197754
0.0989236831665039
0.09735321998596191
0.09840512275695801
0.10269331932067871
0.10545825958251953
0.09736871719360352
0.09787869453430176
0.09834122657775879
0.09791398048400879
0.09820938110351562
0.09848380088806152
0.10202145576477051
0.09768819808959961
0.0986485481262207
0.03915905952453613
0.09821796417236328
0.10241222381591797
0.09884405136108398
0.09753823280334473
0.09729790687561035
0.09772539138793945
0.09910058975219727
0.09786391258239746
0.09823799133300781
0.09770917892456055
0.09721612930297852
0.09853744506835938
0.09907984733581543
0.09784293174743652
0.0984504222869873
0.039154052734375
0.09829592704772949
0.09827351570129395
0.09789228439331055
0.0975179672241211
0.03876948356628418
0.09881877899169922
0.09739875793457031
0.09871411323547363
0.09758162498474121
0.09825325012207031
0.09773993492126465
0.09863662719726562
0.09919142723083496
0.09730219841003418
0.09894967079162598
0.09880352020263672
0.09700465202331543
0.09633922576904297
0.09792709350585938
0.03922104835510254
0.09608054161071777
0.0981292724609375
0.0989835262298584
0.09999775886535645
0.09825348854064941
0.0970466136932373
0.09700536727905273
0.09793567657470703
0.10102629661560059
0.09804320335388184
0.09874701499938965
0.09737229347229004
0.10260295867919922
0.09765195846557617
0.09834790229797363
0.09788680076599121
0.09842705726623535
0.09858369827270508
0.09831404685974121
0.09915375709533691
0.09788703918457031
0.09872174263000488
0.0977933406829834
0.09990501403808594
0.09830236434936523
0.09735894203186035
0.03881955146789551
0.09800601005554199
0.1003270149230957
0.09891653060913086
0.09733438491821289
0.09730863571166992
0.09891390800476074
0.0991508960723877
0.09815573692321777
0.0999307632446289
0.09854578971862793
0.0982370376586914
0.09882664680480957
0.09914231300354004
0.09924721717834473
0.03891348838806152
0.09848737716674805
0.0979154109954834
0.09945106506347656
0.0981605052947998
0.1018366813659668
0.09740781784057617
0.09813165664672852
0.09787440299987793
0.09876489639282227
0.0971529483795166
0.10099005699157715
0.0983283519744873
0.09995651245117188
0.09767627716064453
0.10307931900024414
0.09897947311401367
0.10315465927124023
0.09767603874206543
0.0973052978515625
0.09801650047302246
0.09897780418395996
0.09721136093139648
0.038907527923583984
0.0986485481262207
0.09720969200134277
0.0969550609588623
0.03890109062194824
0.09966230392456055
0.09741997718811035
0.09770798683166504
0.09609055519104004
0.09865498542785645
0.09817385673522949
0.09820318222045898
0.10044097900390625
0.09843158721923828
0.09806132316589355
0.09657073020935059
0.09892892837524414
0.09698033332824707
0.09902381896972656
0.09840893745422363
0.09748673439025879
0.0977332592010498
0.10231304168701172
0.09818196296691895
0.09827709197998047
0.09691953659057617
0.09793519973754883
0.09840250015258789
0.09919214248657227
0.0999002456665039
0.09854817390441895
0.03896188735961914
0.0979158878326416
0.09728097915649414
0.09814953804016113
0.09937548637390137
0.10075616836547852
0.09899353981018066
0.09754586219787598
0.09795212745666504
0.09760212898254395
0.10589075088500977
0.10541605949401855
0.09804749488830566
0.10789179801940918
0.09953975677490234
0.09802794456481934
0.09860539436340332
0.09827041625976562
0.09897947311401367
0.09788823127746582
0.09775018692016602
0.09906005859375
0.1002960205078125
0.09845447540283203
0.10518360137939453
0.09702372550964355
0.10635042190551758
0.09878873825073242
0.0986185073852539
0.09807300567626953
0.10059857368469238
0.0982675552368164
0.09778928756713867
0.09908938407897949
0.09816384315490723
0.09737110137939453
0.09827637672424316
0.09857892990112305
0.0979318618774414
0.09917879104614258
0.09902048110961914
0.09926533699035645
0.0991053581237793
0.0981287956237793
0.03907513618469238
0.09884810447692871
0.09766483306884766
0.03882265090942383
0.09904146194458008
0.09723877906799316
0.09860849380493164
0.09915304183959961
0.10087919235229492
0.09683895111083984
0.09806489944458008
0.09778690338134766
0.09906911849975586
0.09761476516723633
0.03971982002258301
0.09837722778320312
0.09744811058044434
0.09884285926818848
0.09791040420532227
0.09859037399291992
0.09942340850830078
0.09971070289611816
0.0988001823425293
0.09846782684326172
0.09752869606018066
0.09846901893615723
0.09886717796325684
0.10122251510620117
0.09736061096191406
0.09760546684265137
0.09856677055358887
0.09978604316711426
0.03888130187988281
0.09847545623779297
0.0992136001586914
0.09866881370544434
0.09868049621582031
0.09790921211242676
0.09808111190795898
0.09706544876098633
0.09695649147033691
0.1004183292388916
0.09945034980773926
0.09758114814758301
0.09723830223083496
0.09763932228088379
0.10176491737365723
0.09986138343811035
0.09953069686889648
0.09938693046569824
0.09889936447143555
0.10521554946899414
0.10209035873413086
0.09763813018798828
0.09839606285095215
0.10149359703063965
0.09784746170043945
0.09751653671264648
0.09773516654968262
0.10202813148498535
0.10063576698303223
0.09759163856506348
0.09804630279541016
0.0972592830657959
0.09721040725708008
0.10250377655029297
0.10022330284118652
0.09920096397399902
0.09818053245544434
0.09901595115661621
0.09864258766174316
0.09733915328979492
0.09819746017456055
0.09973454475402832
0.03899359703063965
0.09987545013427734
0.09757733345031738
0.0982515811920166
0.039054155349731445
0.09701275825500488
0.09805703163146973
0.09886455535888672
0.09825921058654785
0.09738612174987793
0.09973907470703125
0.0976877212524414
0.09741711616516113
0.10746073722839355
0.09952878952026367
0.09707498550415039
0.09798264503479004
0.09740543365478516
0.10131597518920898
0.0979149341583252
0.03903841972351074
0.09867024421691895
0.0989532470703125
0.0978400707244873
0.09873127937316895
0.12370729446411133
0.09878897666931152
0.0979928970336914
0.10561966896057129
0.09791922569274902
0.10620331764221191
0.038983821868896484
0.09940409660339355
0.03880763053894043
0.10237240791320801
0.09774065017700195
0.09903526306152344
0.09900403022766113
0.09751009941101074
0.0969090461730957
0.0982811450958252
0.09699296951293945
0.09743142127990723
0.09775853157043457
0.09793663024902344
0.09671497344970703
0.09924197196960449
0.10274505615234375
0.09983682632446289
0.0997164249420166
0.09839129447937012
0.09823274612426758
0.09858131408691406
0.09882497787475586
0.09808659553527832
0.039838552474975586
0.09689211845397949
0.03892016410827637
0.09950399398803711
0.09816789627075195
0.09945297241210938
0.09830069541931152
0.09828853607177734
0.09932756423950195
0.09833741188049316
0.10028576850891113
0.09733366966247559
0.09846878051757812
0.10026073455810547
0.09897375106811523
0.03879809379577637
0.09690046310424805
0.039380550384521484
0.03899788856506348
0.09921383857727051
0.10093235969543457
0.09887218475341797
0.09760141372680664
0.09888219833374023
0.0973970890045166
0.09747648239135742
0.0983426570892334
0.09818577766418457
0.10090231895446777
0.0981295108795166
0.0973825454711914
0.09721732139587402
0.09685540199279785
0.09831690788269043
0.09888863563537598
0.09804701805114746
0.09761190414428711
0.09749221801757812
0.09720492362976074
0.0982508659362793
0.09720039367675781
0.09837174415588379
0.10016870498657227
0.09815406799316406
0.10656023025512695
0.09771227836608887
0.09739470481872559
0.09802055358886719
0.09720110893249512
0.11824440956115723
0.09766411781311035
0.09829473495483398
0.09848737716674805
0.09761524200439453
0.09802818298339844
0.09866595268249512
0.03880882263183594
0.09742069244384766
0.09757256507873535
0.10000348091125488
0.0976712703704834
0.09708189964294434
0.09891319274902344
0.09731864929199219
0.09709477424621582
0.0980224609375
0.0978398323059082
0.09858512878417969
0.09842753410339355
0.09779000282287598
0.0978999137878418
0.09720253944396973
0.10981416702270508
0.0978543758392334
0.09827232360839844
0.04170989990234375
0.09901762008666992
0.04080033302307129
0.09853315353393555
0.09672689437866211
0.10085463523864746
0.09729576110839844
0.09767913818359375
0.09783172607421875
0.10010790824890137
0.09808516502380371
0.09748411178588867
0.09787917137145996
0.09908294677734375
0.09726452827453613
0.10002779960632324
0.09711194038391113
0.10056805610656738
0.09835124015808105
0.09818673133850098
0.09790277481079102
0.09940576553344727
0.09982109069824219
0.09842586517333984
0.09779143333435059
0.0982658863067627
0.0969245433807373
0.1002955436706543
0.10020208358764648
0.03893423080444336
0.09862971305847168
0.03952741622924805
0.10100650787353516
0.09820055961608887
0.09925246238708496
0.09819769859313965
0.09750628471374512
0.03898167610168457
0.09909462928771973
0.09801530838012695
0.09775924682617188
0.09717226028442383
0.10000419616699219
0.03910565376281738
0.0984046459197998
0.09670901298522949
0.09774994850158691
0.09971451759338379
0.09796380996704102
0.09862828254699707
0.09940290451049805
0.09766697883605957
0.0973505973815918
0.09769821166992188
0.09886360168457031
0.0980226993560791
0.09819221496582031
0.09846758842468262
0.09920358657836914
0.10975217819213867
0.09683537483215332
0.09763360023498535
0.09771037101745605
0.09881806373596191
0.09897470474243164
0.09734368324279785
0.10431122779846191
0.10001301765441895
0.0984797477722168
0.09650707244873047
0.03886580467224121
0.09891676902770996
0.09726619720458984
0.09917926788330078
0.09824275970458984
0.09724879264831543
0.09782671928405762
0.0965280532836914
0.09739375114440918
0.0994415283203125
0.09827065467834473
0.09782052040100098
0.09807348251342773
0.0995473861694336
0.09879136085510254
0.09760928153991699
0.1002049446105957
0.09764838218688965
0.09866166114807129
0.09906411170959473
0.09854626655578613
0.10015201568603516
0.09804296493530273
0.09854793548583984
0.09907937049865723
0.09857797622680664
0.09810256958007812
0.09897899627685547
0.09893321990966797
0.09728670120239258
0.09709525108337402
0.09797215461730957
0.09763407707214355
0.03902268409729004
0.03920173645019531
0.0992588996887207
0.09912753105163574
0.09884500503540039
0.09918594360351562
0.09749484062194824
0.09777641296386719
0.09800076484680176
0.10388898849487305
0.09961676597595215
0.09803247451782227
0.09692692756652832
0.10068798065185547
0.09754204750061035
0.09887456893920898
0.10803723335266113
0.09786510467529297
0.03882575035095215
0.09783244132995605
0.0985414981842041
0.10251903533935547
0.09739542007446289
0.09850740432739258
0.09720611572265625
0.09874081611633301
0.09903264045715332
0.03961753845214844
0.09813904762268066
0.09610223770141602
0.09833383560180664
0.0983734130859375
0.10034799575805664
0.09991979598999023
0.10416126251220703
0.09806513786315918
0.10000729560852051
0.09960675239562988
0.09818267822265625
0.09876871109008789
0.09850621223449707
0.03882741928100586
0.0992271900177002
0.09960341453552246
0.09858345985412598
0.09719967842102051
0.09723305702209473
0.09858250617980957
0.09757375717163086
0.09773516654968262
0.0975944995880127
0.09882140159606934
0.1003882884979248
0.09768319129943848
0.09755420684814453
0.09660840034484863
0.0975801944732666
0.09848809242248535
0.09961342811584473
0.09862208366394043
0.09734749794006348
0.09827494621276855
0.0977632999420166
0.10155177116394043
0.09795689582824707
0.09757852554321289
0.09750628471374512
0.09845161437988281
0.09752488136291504
0.09896373748779297
0.039017677307128906
0.0979921817779541
0.09850835800170898
0.09689164161682129
0.09735703468322754
0.09949755668640137
0.09946179389953613
0.09988045692443848
0.09818053245544434
0.09963679313659668
0.09753632545471191
0.09793519973754883
0.09888339042663574
0.10024762153625488
0.09634280204772949
0.09756875038146973
0.10106587409973145
0.09805822372436523
0.09743499755859375
0.09805631637573242
0.09705352783203125
0.0981600284576416
0.09821605682373047
0.0986943244934082
0.09879946708679199
0.09885525703430176
0.09820556640625
0.09852242469787598
0.09703755378723145
0.09783720970153809
0.0969536304473877
0.09631061553955078
0.09881401062011719
0.0997476577758789
0.040548086166381836
0.09730887413024902
0.1004025936126709
0.0993952751159668
0.10126972198486328
0.09773111343383789
0.09706282615661621
0.09915876388549805
0.09889674186706543
0.1008920669555664
0.09795618057250977
0.0988469123840332
0.038812875747680664
0.10064816474914551
0.09842538833618164
0.09842658042907715
0.09975099563598633
0.09936881065368652
0.09732604026794434
0.09783148765563965
0.09799623489379883
0.03885912895202637
0.09861493110656738
0.09853792190551758
0.1000359058380127
0.09998202323913574
0.09830784797668457
0.09892082214355469
0.10123348236083984
0.09924840927124023
0.09892034530639648
0.09878325462341309
0.09825348854064941
0.09872937202453613
0.0988626480102539
0.09765958786010742
0.10361933708190918
0.09826111793518066
0.09740447998046875
0.0987234115600586
0.09668731689453125
0.09749650955200195
0.09992218017578125
0.03947758674621582
0.09932303428649902
0.09703421592712402
0.09632611274719238
0.0986785888671875
0.09740161895751953
0.09819555282592773
0.09702801704406738
0.09865832328796387
0.09725785255432129
0.10068345069885254
0.09766554832458496
0.09815216064453125
0.09792780876159668
0.09905505180358887
0.09836745262145996
0.09731483459472656
0.03902554512023926
0.0997154712677002
0.038651466369628906
0.09763860702514648
0.09825778007507324
0.09836769104003906
0.09766840934753418
0.09771990776062012
0.09876441955566406
0.09769105911254883
0.09735393524169922
0.09703588485717773
0.09919476509094238
0.09813332557678223
0.09717154502868652
0.0975642204284668
0.09714198112487793
0.09846019744873047
0.10030984878540039
0.09690570831298828
0.09836411476135254
0.09996962547302246
0.09787464141845703
0.09853315353393555
0.09810185432434082
0.10260295867919922
0.10016441345214844
0.0996403694152832
0.09840536117553711
0.09814214706420898
0.09839797019958496
0.09827113151550293
0.09913754463195801
0.09679651260375977
0.09798431396484375
0.09748721122741699
0.09737062454223633
0.09819698333740234
0.09710264205932617
0.09845399856567383
0.10060691833496094
0.09809017181396484
0.0986332893371582
0.10695457458496094
0.09787917137145996
0.09858846664428711
0.0980992317199707
0.09747695922851562
0.09751391410827637
0.09816813468933105
0.09851956367492676
0.03985142707824707
0.09752416610717773
0.09766721725463867
0.09857845306396484
0.09797811508178711
0.09902143478393555
0.09816145896911621
0.10203027725219727
0.09801101684570312
0.09824442863464355
0.09764337539672852
0.09875273704528809
0.09745550155639648
0.0983283519744873
0.09746718406677246
0.09813237190246582
0.0987088680267334
0.03956460952758789
0.09727835655212402
0.10154557228088379
0.09891295433044434
0.09807300567626953
0.09715509414672852
0.09788632392883301
0.0385134220123291
0.09705114364624023
0.10342025756835938
0.09807682037353516
0.09749031066894531
0.09849667549133301
0.09848260879516602
0.10126829147338867
0.03881692886352539
0.09908056259155273
0.11772847175598145
0.10068368911743164
0.09911751747131348
0.09830307960510254
0.09843850135803223
0.038855791091918945
0.09738826751708984
0.0986785888671875
0.09962224960327148
0.09910321235656738
0.09736895561218262
0.09629940986633301
0.09785246849060059
0.0975031852722168
0.1051936149597168
0.0989229679107666
0.03889632225036621
0.09837102890014648
0.09803533554077148
0.09737682342529297
0.0981287956237793
0.09885525703430176
0.09869933128356934
0.09975790977478027
0.0984182357788086
0.09765458106994629
0.09875202178955078
0.09822511672973633
0.03901219367980957
0.09893035888671875
0.03880167007446289
0.10010695457458496
0.1027834415435791
0.09771275520324707
0.09803485870361328
0.09808754920959473
0.09882521629333496
0.09826278686523438
0.09897208213806152
0.09942984580993652
0.09890270233154297
0.09882354736328125
0.09821248054504395
0.0975949764251709
0.038778066635131836
0.0979611873626709
0.0974724292755127
0.09622430801391602
0.09848761558532715
0.09745955467224121
0.09954047203063965
0.09939122200012207
0.10007429122924805
0.09846973419189453
0.09701251983642578
0.10188555717468262
0.09679412841796875
0.09997701644897461
0.10027670860290527
0.09756350517272949
0.0985867977142334
0.09841370582580566
0.09694409370422363
0.09822845458984375
0.03912544250488281
0.09852957725524902
0.09670329093933105
0.038639068603515625
0.09869623184204102
0.0990290641784668
0.09778451919555664
0.09877157211303711
0.09725284576416016
0.09980654716491699
0.10067152976989746
0.0986628532409668
0.09732294082641602
0.11697101593017578
0.0978996753692627
0.09670519828796387
0.09750509262084961
0.1063070297241211
0.10033273696899414
0.09667515754699707
0.09815526008605957
0.0972909927368164
0.09754753112792969
0.1018531322479248
0.09787607192993164
0.09793519973754883
0.10318875312805176
0.10604572296142578
0.09695315361022949
0.09764242172241211
0.10219573974609375
0.09889602661132812
0.09733390808105469
0.10051226615905762
0.09860754013061523
0.09958148002624512
0.09915590286254883
0.09933161735534668
0.09952783584594727
0.09830427169799805
0.09899520874023438
0.03887939453125
0.09803581237792969
0.10670876502990723
0.09802699089050293
0.09744405746459961
0.03896188735961914
0.09878373146057129
0.10040020942687988
0.09896159172058105
0.09870004653930664
0.0990297794342041
0.09831762313842773
0.10029101371765137
0.09939098358154297
0.038658857345581055
0.09723901748657227
0.09986138343811035
0.09811902046203613
0.09936189651489258
0.0976872444152832
0.09882140159606934
0.09874415397644043
0.09720039367675781
0.09847497940063477
0.09887075424194336
0.09696483612060547
0.0979926586151123
0.09986066818237305
0.09715032577514648
0.038787841796875
0.09697318077087402
0.10036468505859375
0.09847807884216309
0.09891462326049805
0.10276508331298828
0.09903287887573242
0.09720182418823242
0.09805464744567871
0.09830188751220703
0.09796619415283203
0.10054564476013184
0.1051645278930664
0.10349202156066895
0.1178140640258789
0.09784197807312012
0.09801506996154785
0.03982806205749512
0.09929990768432617
0.09885978698730469
0.10231876373291016
0.03927469253540039
0.10268902778625488
0.09842181205749512
0.09794950485229492
0.09875154495239258
0.10765266418457031
0.0966188907623291
0.09651327133178711
0.09780025482177734
0.09716534614562988
0.09820413589477539
0.09942078590393066
0.03890681266784668
0.10252213478088379
0.09731769561767578
0.09721112251281738
0.03865337371826172
0.10148906707763672
0.09815645217895508
0.09758687019348145
0.10082817077636719
0.09851288795471191
0.09772467613220215
0.10175490379333496
0.09803080558776855
0.09831786155700684
0.09749865531921387
0.09935522079467773
0.09769392013549805
0.09922051429748535
0.09920477867126465
0.09740328788757324
0.09810185432434082
0.0974118709564209
0.09749674797058105
0.09709763526916504
0.09985494613647461
0.0984036922454834
0.038893938064575195
0.0972590446472168
0.09789800643920898
0.09880781173706055
0.10644125938415527
0.09911394119262695
0.09796595573425293
0.09642148017883301
0.10106110572814941
0.09770488739013672
0.09940814971923828
0.03877878189086914
0.09945917129516602
0.09791731834411621
0.09751009941101074
0.0996255874633789
0.09842205047607422
0.10028195381164551
0.09806370735168457
0.0992429256439209
0.09658217430114746
0.09921407699584961
0.09849214553833008
0.09743046760559082
0.09978485107421875
0.10056161880493164
0.09766268730163574
0.039114952087402344
0.09829235076904297
0.09781169891357422
0.0983438491821289
0.09807109832763672
0.10892128944396973
0.0979006290435791
0.10744237899780273
0.0979621410369873
0.09838271141052246
0.09738874435424805
0.0993051528930664
0.09787225723266602
0.09775829315185547
0.09810853004455566
0.09782791137695312
0.09897780418395996
0.10043120384216309
0.09890127182006836
0.09902000427246094
0.03881669044494629
0.0977931022644043
0.09896636009216309
0.09731364250183105
0.09781908988952637
0.09644556045532227
0.0977942943572998
0.10225653648376465
0.0976414680480957
0.09847354888916016
0.038977861404418945
0.09685945510864258
0.09801506996154785
0.10315370559692383
0.09649372100830078
0.09887075424194336
0.09851884841918945
0.03871011734008789
0.09832477569580078
0.09765625
0.09897422790527344
0.0983121395111084
0.09939789772033691
0.09784817695617676
0.09775018692016602
0.03875017166137695
0.10659360885620117
0.09800076484680176
0.09958314895629883
0.10309481620788574
0.09807109832763672
0.09775614738464355
0.09840798377990723
0.09836530685424805
0.09751248359680176
0.1017751693725586
0.09673428535461426
0.09792971611022949
0.03885602951049805
0.0982065200805664
0.10131430625915527
0.09807538986206055
0.10234236717224121
0.09805536270141602
0.09836792945861816
0.10010814666748047
0.09907341003417969
0.09812569618225098
0.1004800796508789
0.09692549705505371
0.09936332702636719
0.10184097290039062
0.09733772277832031
0.039728403091430664
0.09880304336547852
0.09727621078491211
0.09904217720031738
0.09802031517028809
0.09747147560119629
0.09749889373779297
0.10747861862182617
0.09730768203735352
0.09757375717163086
0.10104656219482422
0.10081219673156738
0.10326337814331055
0.09933757781982422
0.09937262535095215
0.09863090515136719
0.09916472434997559
0.09796333312988281
0.09823298454284668
0.0983729362487793
0.09778785705566406
0.10330891609191895
0.09987974166870117
0.09930062294006348
0.10036945343017578
0.098602294921875
0.09874582290649414
0.09964513778686523
0.09930109977722168
0.03952622413635254
0.09925603866577148
0.0971686840057373
0.0977780818939209
0.0982062816619873
0.1009674072265625
0.09953737258911133
0.09803366661071777
0.0976111888885498
0.09816384315490723
0.09772133827209473
0.10003781318664551
0.09832406044006348
0.0977315902709961
0.09882855415344238
0.10292959213256836
0.09813690185546875
0.09775590896606445
0.10288214683532715
0.09753108024597168
0.09704732894897461
0.09763717651367188
0.09785342216491699
0.09872078895568848
0.09908533096313477
0.09869551658630371
0.09694576263427734
0.09755802154541016
0.0973362922668457
0.10533952713012695
0.10045003890991211
0.09923100471496582
0.09892511367797852
0.09757661819458008
0.10148072242736816
0.09820914268493652
0.09797000885009766
0.09919285774230957
0.09871816635131836
0.10014843940734863
0.09855413436889648
0.09794974327087402
0.10033082962036133
0.09825325012207031
0.09770846366882324
0.09830713272094727
0.09756135940551758
0.0992124080657959
0.09960365295410156
0.09849762916564941
0.09794783592224121
0.09817361831665039
0.09847331047058105
0.0389246940612793
0.0989692211151123
0.0980844497680664
0.10378837585449219
0.09750604629516602
0.09714484214782715
0.09735298156738281
0.09713101387023926
0.10491776466369629
0.09864950180053711
0.09826231002807617
0.09765148162841797
0.09725236892700195
0.09843754768371582
0.09810924530029297
0.09886932373046875
0.10257792472839355
0.0973210334777832
0.09793972969055176
0.09844636917114258
0.09779787063598633
0.09717869758605957
0.09950804710388184
0.09865784645080566
0.09881114959716797
0.0964808464050293
0.09720945358276367
0.09792661666870117
0.09689688682556152
0.09685134887695312
0.0991518497467041
0.09995698928833008
0.09851241111755371
0.09851288795471191
0.03949403762817383
0.0985867977142334
0.09827971458435059
0.09819269180297852
0.0966179370880127
0.10679745674133301
0.10871672630310059
0.09727907180786133
0.09925246238708496
0.09773039817810059
0.10111331939697266
0.10024523735046387
0.0980222225189209
0.09737753868103027
0.0984492301940918
0.09625506401062012
0.09735465049743652
0.09772467613220215
0.0967719554901123
0.09771466255187988
0.10640335083007812
0.09761929512023926
0.09688782691955566
0.09688067436218262
0.09814834594726562
0.09733009338378906
0.10001659393310547
0.10595154762268066
0.09799075126647949
0.09761977195739746
0.09827685356140137
0.10060834884643555
0.10307168960571289
0.10125970840454102
0.09830403327941895
0.09784913063049316
0.09705662727355957
0.09789395332336426
0.09768366813659668
0.09734010696411133
0.10465764999389648
0.09789061546325684
0.09727859497070312
0.09768843650817871
0.03898215293884277
0.09719347953796387
0.097015380859375
0.10042357444763184
0.039764404296875
0.09790730476379395
0.09707784652709961
0.09798717498779297
0.09938836097717285
0.09773445129394531
0.09780383110046387
0.09629178047180176
0.09748554229736328
0.09731602668762207
0.09900069236755371
0.09820818901062012
0.0960690975189209
0.09787940979003906
0.09719586372375488
0.10105538368225098
0.09879040718078613
0.09772014617919922
0.10091733932495117
0.09711790084838867
0.0991673469543457
0.09854316711425781
0.0977632999420166
0.09803104400634766
0.09905695915222168
0.0966176986694336
0.09781289100646973
0.039759159088134766
0.09929633140563965
0.0980675220489502
0.09852051734924316
0.09839510917663574
0.10053324699401855
0.09769082069396973
0.09975385665893555
0.09862971305847168
0.09883499145507812
0.0988767147064209
0.09898543357849121
0.09769892692565918
0.10003161430358887
0.09900498390197754
0.09898614883422852
0.09792733192443848
0.09698605537414551
0.09783005714416504
0.09916305541992188
0.09865784645080566
0.09807205200195312
0.10198664665222168
0.09981632232666016
0.09873032569885254
0.040006160736083984
0.09766960144042969
0.09734559059143066
0.09627079963684082
0.0981450080871582
0.09752964973449707
0.09959268569946289
0.09877681732177734
0.09751033782958984
0.09809064865112305
0.09699678421020508
0.09836483001708984
0.03879809379577637
0.10804414749145508
0.09792375564575195
0.09822726249694824
0.09784960746765137
0.10116124153137207
0.0976564884185791
0.09816288948059082
0.09801125526428223
0.09838151931762695
0.09748983383178711
0.09730863571166992
0.09833836555480957
0.09851646423339844
0.09835648536682129
0.09722471237182617
0.09844398498535156
0.03902840614318848
0.09845638275146484
0.09742426872253418
0.0390934944152832
0.09958362579345703
0.09924173355102539
0.09772300720214844
0.1007835865020752
0.09790229797363281
0.09673643112182617
0.09814000129699707
0.03888392448425293
0.09930777549743652
0.10249829292297363
0.0990455150604248
0.10027003288269043
0.09813809394836426
0.09851956367492676
0.0987696647644043
0.10065722465515137
0.097015380859375
0.09664487838745117
0.09876441955566406
0.09824514389038086
0.0985562801361084
0.09756803512573242
0.09916186332702637
0.09857797622680664
0.09909462928771973
0.0993952751159668
0.09840226173400879
0.10062456130981445
0.10261726379394531
0.09744548797607422
0.09776616096496582
0.10088968276977539
0.09761905670166016
0.0976874828338623
0.31540656089782715
0.09871625900268555
0.09832429885864258
0.09937763214111328
0.10139894485473633
0.0991201400756836
0.09929800033569336
0.09945273399353027
0.09772229194641113
0.09763050079345703
0.09794354438781738
0.0981605052947998
0.09865975379943848
0.09869694709777832
0.09723973274230957
0.09714841842651367
0.09686470031738281
0.0971369743347168
0.1007852554321289
0.09987378120422363
0.09825754165649414
0.03892397880554199
0.09757804870605469
0.0971372127532959
0.0981452465057373
0.09788823127746582
0.09767389297485352
0.09898734092712402
0.09892868995666504
0.09773445129394531
0.09934639930725098
0.09725332260131836
0.1000051498413086
0.10365462303161621
0.10388302803039551
0.0976254940032959
0.09752607345581055
0.09745240211486816
0.09783363342285156
0.09882426261901855
0.09821653366088867
0.09938621520996094
0.03938436508178711
0.09958386421203613
0.09951210021972656
0.0979619026184082
0.03893327713012695
0.09852170944213867
0.09900331497192383
0.10179662704467773
0.09806632995605469
0.09631824493408203
0.09804940223693848
0.10091948509216309
0.09961700439453125
0.09934449195861816
0.09964871406555176
0.0964357852935791
0.09772491455078125
0.09792757034301758
0.10279083251953125
0.10143280029296875
0.09781384468078613
0.09712481498718262
0.09907245635986328
0.1015923023223877
0.10002923011779785
0.09743928909301758
0.09768319129943848
0.0388641357421875
0.09754443168640137
0.03965353965759277
0.09884762763977051
0.09867358207702637
0.09877300262451172
0.0981905460357666
0.09976696968078613
0.09816408157348633
0.09829425811767578
0.10817289352416992
0.09963655471801758
0.09885573387145996
0.09841704368591309
0.09868001937866211
0.09943056106567383
0.10978531837463379
0.09879350662231445
0.09934401512145996
0.09790635108947754
0.09805417060852051
0.0971076488494873
0.10149645805358887
0.09867596626281738
0.0980677604675293
0.09671497344970703
0.09843826293945312
0.09773421287536621
0.09930181503295898
0.0993504524230957
0.09712839126586914
0.09648680686950684
0.09822273254394531
0.09813690185546875
0.09748601913452148
0.10066032409667969
0.09997797012329102
0.10286307334899902
0.09653925895690918
0.10000085830688477
0.09762167930603027
0.09788203239440918
0.09722757339477539
0.09838533401489258
0.09775471687316895
0.10056066513061523
0.10191583633422852
0.0974874496459961
0.10011100769042969
0.09826064109802246
0.09789586067199707
0.10059094429016113
0.09784913063049316
0.09752178192138672
0.03877830505371094
0.09751605987548828
0.09835219383239746
0.09859299659729004
0.10271358489990234
0.09737348556518555
0.09717226028442383
0.09706640243530273
0.09978580474853516
0.09874558448791504
0.09826135635375977
0.09766316413879395
0.03910994529724121
0.10153675079345703
0.09766983985900879
0.09834647178649902
0.09848856925964355
0.03895235061645508
0.09931302070617676
0.0973215103149414
0.09719705581665039
0.09735465049743652
0.09844136238098145
0.09733700752258301
0.09683465957641602
0.10096383094787598
0.10003042221069336
0.09968352317810059
0.0972592830657959
0.09739875793457031
0.09849739074707031
0.09831762313842773
0.09840703010559082
0.0979914665222168
0.09796786308288574
0.09789085388183594
0.09879684448242188
0.09836316108703613
0.09711980819702148
0.09958505630493164
0.09818482398986816
0.0983591079711914
0.09788680076599121
0.09759879112243652
0.09923291206359863
0.09820055961608887
0.09937429428100586
0.09870576858520508
0.09874773025512695
0.09720349311828613
0.0994253158569336
0.1021571159362793
0.09996795654296875
0.09941554069519043
0.09837698936462402
0.10101532936096191
0.09789323806762695
0.10054969787597656
0.09804368019104004
0.0981602668762207
0.09796977043151855
0.09991955757141113
0.09903955459594727
0.0982048511505127
0.039827585220336914
0.038852691650390625
0.09825563430786133
0.09927177429199219
0.09753227233886719
0.09835314750671387
0.09885311126708984
0.09873533248901367
0.0987095832824707
0.10075259208679199
0.09805774688720703
0.039079904556274414
0.09889626502990723
0.09808969497680664
0.09831094741821289
0.09886837005615234
0.10673165321350098
0.09773659706115723
0.09744668006896973
0.09837841987609863
0.10080122947692871
0.09857630729675293
0.10007405281066895
0.09773612022399902
0.09992074966430664
0.09781503677368164
0.09629416465759277
0.09730339050292969
0.0978090763092041
0.09964513778686523
0.09925341606140137
0.09911370277404785
0.09829115867614746
0.09887194633483887
0.09751391410827637
0.09711718559265137
0.09780764579772949
0.09820723533630371
0.09725022315979004
0.09809231758117676
0.038697242736816406
0.03886914253234863
0.09777474403381348
0.09850192070007324
0.09936285018920898
0.0387120246887207
0.09725379943847656
0.09747314453125
0.09734559059143066
0.09995818138122559
0.09973883628845215
0.09783744812011719
0.038715362548828125
0.0975944995880127
0.09910321235656738
0.0979001522064209
0.09835195541381836
0.10107707977294922
0.09732294082641602
0.09867548942565918
0.09876227378845215
0.09936785697937012
0.09700584411621094
0.039151668548583984
0.09731030464172363
0.0995023250579834
0.0992588996887207
0.10278797149658203
0.0976400375366211
0.09928083419799805
0.09809279441833496
0.04000043869018555
0.09855175018310547
0.03851890563964844
0.09803581237792969
0.10189056396484375
0.09877800941467285
0.10163116455078125
0.10191702842712402
0.09934186935424805
0.09708976745605469
0.10959982872009277
0.09742307662963867
0.09867978096008301
0.09672093391418457
0.09746670722961426
0.10721993446350098
0.09770989418029785
0.09894728660583496
0.0985724925994873
0.09850478172302246
0.09831666946411133
0.0984797477722168
0.09824681282043457
0.10312318801879883
0.0973045825958252
0.09766697883605957
0.09845352172851562
0.09781837463378906
0.09721088409423828
0.09652423858642578
0.09867334365844727
0.03949761390686035
0.09767007827758789
0.09814977645874023
0.1082148551940918
0.09684491157531738
0.09890508651733398
0.09876322746276855
0.03861522674560547
0.0980832576751709
0.09872961044311523
0.09834694862365723
0.09862542152404785
0.09763383865356445
0.09735655784606934
0.09702444076538086
0.09820199012756348
0.09817814826965332
0.09847092628479004
0.1035161018371582
0.09782910346984863
0.09988570213317871
0.10039138793945312
0.09891557693481445
0.10009574890136719
0.0385894775390625
0.0396726131439209
0.09979701042175293
0.09757781028747559
0.09764671325683594
0.09871888160705566
0.10228109359741211
0.0970304012298584
0.03867363929748535
0.03877520561218262
0.10181784629821777
0.09864163398742676
0.09773015975952148
0.0968780517578125
0.09684514999389648
0.09843826293945312
0.09804320335388184
0.09917449951171875
0.09876775741577148
0.09824824333190918
0.09931015968322754
0.09736514091491699
0.1022036075592041
0.09764814376831055
0.09787249565124512
0.09860467910766602
0.09723043441772461
0.09950041770935059
0.0971226692199707
0.03956198692321777
0.10043907165527344
0.09753227233886719
0.09749579429626465
0.09806036949157715
0.0977165699005127
0.09952211380004883
0.09888982772827148
0.09746074676513672
0.09734416007995605
0.10003042221069336
0.09805703163146973
0.09728574752807617
0.038666486740112305
0.09958910942077637
0.03868699073791504
0.10085034370422363
0.09924936294555664
0.09807038307189941
0.03978323936462402
0.09815669059753418
0.0999600887298584
0.10016560554504395
0.038835763931274414
0.1073453426361084
0.0982961654663086
0.10025358200073242
0.10015726089477539
0.09838366508483887
0.0980672836303711
0.09904146194458008
0.09860515594482422
0.09929180145263672
0.10641121864318848
0.09778213500976562
0.09752511978149414
0.09695887565612793
0.10139822959899902
0.09777450561523438
0.09834003448486328
0.09971475601196289
0.09813070297241211
0.03873300552368164
0.09820199012756348
0.09730052947998047
0.10108327865600586
0.09775090217590332
0.09989428520202637
0.09934258460998535
0.0977628231048584
0.09748315811157227
0.03894615173339844
0.039115190505981445
0.09828424453735352
0.09996557235717773
0.09861278533935547
0.09898853302001953
0.09695792198181152
0.09794020652770996
0.09794092178344727
0.09766578674316406
0.09870076179504395
0.09940361976623535
0.09793972969055176
0.09802746772766113
0.09957361221313477
0.09927892684936523
0.09761834144592285
0.0968315601348877
0.0990138053894043
0.09906792640686035
0.098388671875
0.09931778907775879
0.09792137145996094
0.09837985038757324
0.09854483604431152
0.09710836410522461
0.09798574447631836
0.09918689727783203
0.09989571571350098
0.03865361213684082
0.09950542449951172
0.09839463233947754
0.0985414981842041
0.09843134880065918
0.0991065502166748
0.09730839729309082
0.09842824935913086
0.10282301902770996
0.09751129150390625
0.10050368309020996
0.09650158882141113
0.09812712669372559
0.09909582138061523
0.09801936149597168
0.098846435546875
0.09920811653137207
0.09757232666015625
0.09930086135864258
0.09722065925598145
0.09733343124389648
0.10196518898010254
0.09833407402038574
0.03949427604675293
0.09841680526733398
0.09734344482421875
0.09851694107055664
0.09787964820861816
0.10186028480529785
0.09874534606933594
0.10545706748962402
0.09768342971801758
0.09837055206298828
0.0980677604675293
0.09826087951660156
0.09798049926757812
0.1064920425415039
0.09752559661865234
0.11849617958068848
0.09767508506774902
0.09850573539733887
0.0390167236328125
0.09885668754577637
0.09758162498474121
0.09812736511230469
0.09795403480529785
0.09652996063232422
0.09780621528625488
0.10883116722106934
0.09680891036987305
0.10153436660766602
0.09700584411621094
0.09763479232788086
0.09844779968261719
0.038971900939941406
0.09918475151062012
0.09916806221008301
0.10028266906738281
0.09894537925720215
0.09790182113647461
0.10321593284606934
0.09836292266845703
0.09920597076416016
0.09821271896362305
0.09974288940429688
0.09763646125793457
0.10857510566711426
0.09771108627319336
0.09828877449035645
0.1024484634399414
0.09980130195617676
0.09939455986022949
0.03985404968261719
0.09685444831848145
0.09826970100402832
0.098358154296875
0.09872698783874512
0.10110998153686523
0.09640741348266602
0.0977635383605957
0.0979466438293457
0.09843063354492188
0.09786057472229004
0.09804558753967285
0.09871339797973633
0.09638857841491699
0.10542845726013184
0.09813809394836426
0.0964670181274414
0.10057830810546875
0.09872984886169434
0.09936332702636719
0.09884428977966309
0.10015583038330078
0.10289883613586426
0.0966181755065918
0.09882426261901855
0.10296821594238281
0.10207343101501465
0.09878945350646973
0.03995227813720703
0.0987846851348877
0.09989452362060547
0.09824442863464355
0.1016075611114502
0.0988621711730957
0.09841251373291016
0.038770437240600586
0.10095620155334473
0.09765815734863281
0.09777331352233887
0.09915471076965332
0.09967279434204102
0.09729456901550293
0.0972445011138916
0.09933924674987793
0.09795260429382324
0.10793614387512207
0.09721755981445312
0.09786438941955566
0.09941959381103516
0.09982872009277344
0.0979607105255127
0.09844183921813965
0.03945183753967285
0.09804463386535645
0.09717512130737305
0.09692978858947754
0.09778642654418945
0.0964200496673584
0.0973970890045166
0.09787917137145996
0.09774947166442871
0.09926128387451172
0.0979452133178711
0.0976724624633789
0.09864115715026855
0.09926080703735352
0.09796786308288574
0.09901118278503418
0.09980368614196777
0.09789633750915527
0.09915351867675781
0.09809660911560059
0.09810090065002441
0.09833407402038574
0.09711074829101562
0.09706377983093262
0.09762096405029297
0.1002051830291748
0.09730958938598633
0.03921008110046387
0.09834146499633789
0.0983130931854248
0.09650826454162598
0.09843969345092773
0.09877943992614746
0.09883952140808105
0.09882879257202148
0.09920167922973633
0.09930181503295898
0.09786105155944824
0.09733057022094727
0.09986186027526855
0.09713006019592285
0.1003117561340332
0.10025429725646973
0.09853053092956543
0.09898543357849121
0.09761452674865723
0.09920120239257812
0.09661173820495605
0.09719181060791016
0.1002497673034668
0.09909939765930176
0.1219024658203125
0.09758639335632324
0.0995490550994873
0.09954833984375
0.09736800193786621
0.09752130508422852
0.0970451831817627
0.09972047805786133
0.09816741943359375
0.09788036346435547
0.09813284873962402
0.09846258163452148
0.09804987907409668
0.09592962265014648
0.09785342216491699
0.09795951843261719
0.09806704521179199
0.09816884994506836
0.09761548042297363
0.0989682674407959
0.09845566749572754
0.0997624397277832
0.09877347946166992
0.09883737564086914
0.09807825088500977
0.09827113151550293
0.09834575653076172
0.0978250503540039
0.09821867942810059
0.09801149368286133
0.09775471687316895
0.0994110107421875
0.10326099395751953
0.09951472282409668
0.09802484512329102
0.1000521183013916
0.09850955009460449
0.1025838851928711
0.09862136840820312
0.09872961044311523
0.0983591079711914
0.09954547882080078
0.09813928604125977
0.0977318286895752
0.09952616691589355
0.09964609146118164
0.09780120849609375
0.10916256904602051
0.09753823280334473
0.09795236587524414
0.1000208854675293
0.0993499755859375
0.10034346580505371
0.09708786010742188
0.09893465042114258
0.09849715232849121
0.1003420352935791
0.0389256477355957
0.09837889671325684
0.03901028633117676
0.09839129447937012
0.09779119491577148
0.10004901885986328
0.0972294807434082
0.09889054298400879
0.10308313369750977
0.1005098819732666
0.09842729568481445
0.0986030101776123
0.09862065315246582
0.09802675247192383
0.09621524810791016
0.09884929656982422
0.09755873680114746
0.0990288257598877
0.1019904613494873
0.09666252136230469
0.09839749336242676
0.0976877212524414
0.09733462333679199
0.09792160987854004
0.09888648986816406
0.09755873680114746
0.09835934638977051
0.09881472587585449
0.0980689525604248
0.09688758850097656
0.09671401977539062
0.09779620170593262
0.10495114326477051
0.10036921501159668
0.09881329536437988
0.09890055656433105
0.09908866882324219
0.03928685188293457
0.09992837905883789
0.0973958969116211
0.09785103797912598
0.09792900085449219
0.09794354438781738
0.09817194938659668
0.0980539321899414
0.10027599334716797
0.09823465347290039
0.09916186332702637
0.0978546142578125
0.10044980049133301
0.09760642051696777
0.09877490997314453
0.09768366813659668
0.09876036643981934
0.04031252861022949
0.10367274284362793
0.0985565185546875
0.0975944995880127
0.10316729545593262
0.09878993034362793
0.10221409797668457
0.10445213317871094
0.09796667098999023
0.0982506275177002
0.09905314445495605
0.09819698333740234
0.09760522842407227
0.09829974174499512
0.10344862937927246
0.09781765937805176
0.100067138671875
0.09940147399902344
0.0982208251953125
0.09805536270141602
0.09866714477539062
0.09723305702209473
0.10099959373474121
0.10123682022094727
0.09770345687866211
0.10258340835571289
0.09870386123657227
0.09769749641418457
0.09710526466369629
0.0995948314666748
0.10048961639404297
0.0988466739654541
0.10731887817382812
0.10360956192016602
0.09791302680969238
0.09752917289733887
0.09829902648925781
0.10226869583129883
0.09744691848754883
0.09711456298828125
0.1001746654510498
0.10059928894042969
0.11852669715881348
0.09840083122253418
0.0984032154083252
0.09734821319580078
0.10236096382141113
0.09854960441589355
0.09744071960449219
0.09699654579162598
0.09893035888671875
0.09877943992614746
0.09817957878112793
0.10051870346069336
0.0971231460571289
0.10658144950866699
0.22461223602294922
0.09895896911621094
0.09968161582946777
0.09914684295654297
0.10038900375366211
0.09955978393554688
0.09640669822692871
0.1020658016204834
0.09759807586669922
0.09870648384094238
0.09872841835021973
0.09822916984558105
0.03914976119995117
0.10010957717895508
0.039229631423950195
0.09780025482177734
0.1027672290802002
0.09874129295349121
0.10684704780578613
0.09938502311706543
0.09967279434204102
0.09740257263183594
0.1060945987701416
0.09779715538024902
0.09753966331481934
0.09870171546936035
0.09780669212341309
0.09738945960998535
0.10352230072021484
0.09788775444030762
0.09754371643066406
0.09788203239440918
0.09783673286437988
0.09786558151245117
0.10067892074584961
0.0989375114440918
0.09773063659667969
0.09772109985351562
0.09639191627502441
0.09860897064208984
0.0982367992401123
0.09859609603881836
0.0974736213684082
0.0994255542755127
0.09859037399291992
0.10284686088562012
0.0977931022644043
0.09704875946044922
0.09928393363952637
0.10911679267883301
0.09723997116088867
0.10367536544799805
0.09975600242614746
0.0973196029663086
0.1086735725402832
0.09742999076843262
0.09750485420227051
0.09878134727478027
0.09928774833679199
0.09994983673095703
0.10512542724609375
0.09899520874023438
0.0985419750213623
0.09980297088623047
0.10021257400512695
0.09856915473937988
0.10167860984802246
0.11539292335510254
0.10877561569213867
0.09822940826416016
0.09903931617736816
0.0981287956237793
0.0987236499786377
0.09840631484985352
0.09985709190368652
0.09932851791381836
0.10080814361572266
0.09959053993225098
0.09977531433105469
0.10598349571228027
0.09784889221191406
0.03918313980102539
0.09738874435424805
0.10270404815673828
0.10283708572387695
0.09929704666137695
0.09864640235900879
0.09934711456298828
0.09934711456298828
0.0981147289276123
0.09880399703979492
0.03885340690612793
0.1025857925415039
0.03999781608581543
0.097259521484375
0.09844589233398438
0.09751152992248535
0.09850072860717773
0.09980893135070801
0.09766840934753418
0.09852004051208496
0.09940481185913086
0.09850072860717773
0.09732341766357422
0.03989815711975098
0.10649514198303223
0.09777283668518066
0.10873937606811523
0.09760594367980957
0.09865164756774902
0.098602294921875
0.09882616996765137
0.0982658863067627
0.09809231758117676
0.09853243827819824
0.10002756118774414
0.10004186630249023
0.10076737403869629
0.09915685653686523
0.10020184516906738
0.09862995147705078
0.09843635559082031
0.09745430946350098
0.09716463088989258
0.09979844093322754
0.09807491302490234
0.10051393508911133
0.09883618354797363
0.09985923767089844
0.09855008125305176
0.09769368171691895
0.09745311737060547
0.09871578216552734
0.10012149810791016
0.0990605354309082
0.09794807434082031
0.09868884086608887
0.09847187995910645
0.10048556327819824
0.09881186485290527
0.03890681266784668
0.09911751747131348
0.09749436378479004
0.03915858268737793
0.09790253639221191
0.1183633804321289
0.09765839576721191
0.09975647926330566
0.09854912757873535
0.09720182418823242
0.09843850135803223
0.0992133617401123
0.09864521026611328
0.09833455085754395
0.09810423851013184
0.09694623947143555
0.03892874717712402
0.09897708892822266
0.10673809051513672
0.09622883796691895
0.09780693054199219
0.10308837890625
0.03898954391479492
0.09852123260498047
0.0974268913269043
0.09672164916992188
0.09770703315734863
0.0991365909576416
0.09871768951416016
0.03973579406738281
0.0999596118927002
0.09884452819824219
0.09827351570129395
0.09633779525756836
0.0982670783996582
0.09822750091552734
0.09694290161132812
0.10763788223266602
0.09781217575073242
0.09804821014404297
0.09914445877075195
0.09771275520324707
0.09980320930480957
0.09819340705871582
0.09771037101745605
0.038881540298461914
0.0996847152709961
0.09876394271850586
0.0984659194946289
0.10160374641418457
0.0997309684753418
0.10022568702697754
0.10012698173522949
0.09757137298583984
0.09677577018737793
0.09815382957458496
0.09713459014892578
0.09704995155334473
0.09684324264526367
0.09879922866821289
0.0965576171875
0.09812498092651367
0.09896016120910645
0.10039973258972168
0.0980064868927002
0.09878182411193848
0.09852290153503418
0.09705018997192383
0.09791350364685059
0.09716677665710449
0.10163021087646484
0.09874749183654785
0.09821176528930664
0.09762167930603027
0.10321044921875
0.09835147857666016
0.09828877449035645
0.09906291961669922
0.10821127891540527
0.09957003593444824
0.09978842735290527
0.09828758239746094
0.0990591049194336
0.09923624992370605
0.09777116775512695
0.03916621208190918
0.10286831855773926
0.10064435005187988
0.09747433662414551
0.09859418869018555
0.10329365730285645
0.0981299877166748
0.09779882431030273
0.09851980209350586
0.09677934646606445
0.03890872001647949
0.09825968742370605
0.09828495979309082
0.09763932228088379
0.09725284576416016
0.09918427467346191
0.09783053398132324
0.09826135635375977
0.0991053581237793
0.09820985794067383
0.09816694259643555
0.09869885444641113
0.0983266830444336
0.09946990013122559
0.10089564323425293
0.09866499900817871
0.09782028198242188
0.09749412536621094
0.09946012496948242
0.09929847717285156
0.09721493721008301
0.09748315811157227
0.09794092178344727
0.09781098365783691
0.0980682373046875
0.0992426872253418
0.09857058525085449
0.09761714935302734
0.09911155700683594
0.09827542304992676
0.09871816635131836
0.09971809387207031
0.09833168983459473
0.10070013999938965
0.0991511344909668
0.09808874130249023
0.09878087043762207
0.1017146110534668
0.09917712211608887
0.09751319885253906
0.09890270233154297
0.10150980949401855
0.09758353233337402
0.09943795204162598
0.5210864543914795
0.09907221794128418
0.09897971153259277
0.09797120094299316
0.09774208068847656
0.09923195838928223
0.09760046005249023
0.09993553161621094
0.09759998321533203
0.09880733489990234
0.09833240509033203
0.09854459762573242
0.09815049171447754
0.0976254940032959
0.0991373062133789
0.09897303581237793
0.0984337329864502
0.09833979606628418
0.09856486320495605
0.09924435615539551
0.10189962387084961
0.09961390495300293
0.09958672523498535
0.09827637672424316
0.09876108169555664
0.09813570976257324
0.09804034233093262
0.09892034530639648
0.09923338890075684
0.09836435317993164
0.09789180755615234
0.09985995292663574
0.09805607795715332
0.0980992317199707
0.09827446937561035
0.09878396987915039
0.09760379791259766
0.09905338287353516
0.09865188598632812
0.09808182716369629
0.09787273406982422
0.10006070137023926
0.09851837158203125
0.09884762763977051
0.09898567199707031
0.09883832931518555
0.09757828712463379
0.09936165809631348
0.09884047508239746
0.09916162490844727
0.09992527961730957
0.03889608383178711
0.09733748435974121
0.10001134872436523
0.09892106056213379
0.09722328186035156
0.09890913963317871
0.1008596420288086
0.09858965873718262
0.10307908058166504
0.0993032455444336
0.09836554527282715
0.0980215072631836
0.09856700897216797
0.10250210762023926
0.09769678115844727
0.09826397895812988
0.09854483604431152
0.10025739669799805
0.10074377059936523
0.09947943687438965
0.0985574722290039
0.09872174263000488
0.09876251220703125
0.09738731384277344
0.0978395938873291
0.10081934928894043
0.10079813003540039
0.09984898567199707
0.0977175235748291
0.1001596450805664
0.10657048225402832
0.0992133617401123
0.09799385070800781
0.09763383865356445
0.09698867797851562
0.09734582901000977
0.0977637767791748
0.09881162643432617
0.09988570213317871
0.09774374961853027
0.09805488586425781
0.03898763656616211
0.09690380096435547
0.0984961986541748
0.09864521026611328
0.09949541091918945
0.09822916984558105
0.10209012031555176
0.0959784984588623
0.09897685050964355
0.1011962890625
0.10093021392822266
0.09780311584472656
0.09894275665283203
0.09817171096801758
0.1005258560180664
0.09794783592224121
0.09765362739562988
0.09881877899169922
0.09847903251647949
0.03904843330383301
0.09886050224304199
0.09817004203796387
0.09795188903808594
0.09891963005065918
0.09935879707336426
0.0989980697631836
0.09888100624084473
0.09758400917053223
0.10544991493225098
0.09826469421386719
0.10100412368774414
0.0967564582824707
0.09830641746520996
0.10159826278686523
0.10176277160644531
0.10085463523864746
0.09659457206726074
0.098236083984375
0.09918951988220215
0.09834146499633789
0.09851408004760742
0.09914207458496094
0.0971982479095459
0.09804058074951172
0.09887409210205078
0.10010576248168945
0.10117912292480469
0.10296821594238281
0.1004323959350586
0.10268902778625488
0.09940409660339355
0.09958648681640625
0.09812235832214355
0.09919261932373047
0.09845542907714844
0.10113763809204102
0.09964776039123535
0.09724831581115723
0.1015167236328125
0.09778070449829102
0.09886741638183594
0.0983116626739502
0.0973820686340332
0.09794020652770996
0.09786868095397949
0.09807038307189941
0.09952878952026367
0.09890389442443848
0.09798073768615723
0.09739208221435547
0.09832406044006348
0.09830021858215332
0.0974729061126709
0.09792757034301758
0.09700512886047363
0.09781742095947266
0.09888935089111328
0.0990438461303711
0.0978701114654541
0.09869813919067383
0.09715628623962402
0.10015559196472168
0.09850358963012695
0.09917402267456055
0.09715986251831055
0.09807705879211426
0.09779906272888184
0.09746241569519043
0.09773373603820801
0.09848952293395996
0.10320067405700684
0.09868001937866211
0.09826540946960449
0.0998237133026123
0.0985252857208252
0.09812521934509277
0.10746073722839355
0.0984339714050293
0.09925103187561035
0.10152077674865723
0.09737753868103027
0.09711742401123047
0.10019516944885254
0.09904122352600098
0.09799909591674805
0.0989983081817627
0.09968113899230957
0.09844660758972168
0.09704947471618652
0.09738540649414062
0.09827423095703125
0.10000324249267578
0.09905123710632324
0.0987694263458252
0.03957867622375488
0.09800148010253906
0.0987696647644043
0.09746837615966797
0.09754776954650879
0.09728336334228516
0.09814071655273438
0.09939026832580566
0.10162496566772461
0.09772467613220215
0.09713053703308105
0.0975799560546875
0.09973311424255371
0.09802651405334473
0.10226845741271973
0.09679317474365234
0.09837031364440918
0.038625240325927734
0.03883481025695801
0.10692739486694336
0.09895491600036621
0.09897494316101074
0.102081298828125
0.09710502624511719
0.09933733940124512
0.09668636322021484
0.09601712226867676
0.09882640838623047
0.038637638092041016
0.038599491119384766
0.09820723533630371
0.10018563270568848
0.0990753173828125
0.09816575050354004
0.10225462913513184
0.09858059883117676
