0.4025423728813559
0.3273648648648649
0.43018867924528303
0.5564285714285714
0.5864197530864198
0.5726027397260274
0.3971311475409836
0.541588785046729
0.5480769230769231
0.6087378640776699
0.5488888888888889
0.42945205479452053
0.5202380952380953
0.6098765432098765
0.5141176470588236
0.4519417475728155
0.5311023622047244
0.6691304347826087
0.5965116279069768
0.6494897959183673
0.6180722891566265
0.57
0.5673611111111111
0.6738372093023256
0.7177777777777777
0.6951219512195121
0.475
0.5225
0.6570093457943925
0.6045454545454545
0.5978448275862069
0.5472826086956522
0.7245762711864406
0.6246575342465753
0.6772277227722773
0.5541666666666667
0.5457446808510639
0.5541666666666667
0.6152380952380953
0.5005376344086021
0.546969696969697
0.5673611111111111
0.5181818181818182
0.5967948717948718
0.6690140845070423
0.6556338028169014
0.44608695652173913
0.4290322580645161
0.6132911392405064
0.5383333333333333
0.6066265060240964
0.5411392405063291
0.5573333333333333
0.6741935483870968
0.5507246376811594
0.5411392405063291
0.608
0.605241935483871
0.6487804878048781
0.6597222222222222
0.5115384615384615
0.5846153846153846
0.5648648648648649
0.5252941176470588
0.6561151079136691
0.5826666666666667
0.39786324786324784
0.5826666666666667
0.6785714285714286
0.6333333333333333
0.46636363636363637
0.5613636363636364
0.5718446601941748
0.6054945054945055
0.558125
0.5411392405063291
0.5277777777777778
0.6872340425531915
0.3619047619047619
0.35714285714285715
0.529113924050633
0.6303738317757009
0.5920289855072464
0.5648648648648649
0.5289772727272727
0.6164893617021276
0.5967948717948718
0.6333333333333333
0.6446428571428572
0.5767857142857142
0.5550561797752809
0.6361607142857143
0.46954022988505745
0.5726027397260274
0.4166666666666667
0.6140243902439024
0.57
0.602112676056338
0.5724358974358974
0.684322033898305
0.5160493827160494
0.5632743362831858
0.5356382978723404
0.6
0.5010989010989011
0.6373417721518987
0.5364705882352941
0.5213414634146342
0.5141176470588236
0.6275229357798165
0.4552083333333333
0.581875
0.5305194805194805
0.5880952380952381
0.5675324675324676
0.4310185185185185
0.5885869565217391
0.5050632911392405
0.6107142857142858
0.5397727272727273
0.5905405405405405
0.6333333333333333
0.589240506329114
0.6576923076923077
0.5364705882352941
0.5947154471544716
0.59375
0.6261363636363636
0.5875
0.5986301369863014
0.49709302325581395
0.6301020408163265
0.5428571428571428
0.5752293577981651
0.5595890410958904
0.54625
0.5457446808510639
0.5397727272727273
0.764453125
0.510625
0.5266304347826087
0.5854651162790697
0.59375
0.5141176470588236
0.5920289855072464
0.6175
0.572289156626506
0.5805555555555556
0.578735632183908
0.5962765957446808
0.4440217391304348
0.42336956521739133
0.5170886075949367
0.4952127659574468
0.629054054054054
0.43369565217391304
0.6
0.6547297297297298
0.5265060240963856
0.5835714285714285
0.475
0.625
0.4614285714285714
0.6638554216867469
0.4961111111111111
0.6711956521739131
0.40980392156862744
0.40491803278688526
0.6154929577464788
0.6333333333333333
0.5480769230769231
0.5967948717948718
0.5141176470588236
0.510752688172043
0.5792682926829268
0.552027027027027
0.5324175824175824
0.5160493827160494
0.5428571428571428
0.425
0.562962962962963
0.6125
0.5356382978723404
0.5767857142857142
0.6098765432098765
0.6186046511627907
0.6432291666666666
0.5764044943820225
0.4658653846153846
0.5588235294117647
0.5675324675324676
0.602112676056338
0.7635514018691589
0.6191011235955056
0.5724358974358974
0.6438888888888888
0.65
0.6875
0.4523809523809524
0.4490909090909091
0.5446666666666666
0.6522388059701493
0.4552083333333333
0.5059782608695652
0.475
0.625609756097561
0.36323529411764705
0.7275316455696202
0.6820512820512821
0.7057142857142857
0.5792682926829268
0.5724358974358974
0.5625
0.46467391304347827
0.5329268292682927
0.5665137614678899
0.6116438356164383
0.59375
0.5010989010989011
0.5856164383561644
0.5445121951219513
0.6138461538461538
0.45637254901960783
0.6748275862068965
0.6069444444444444
0.57
0.6054945054945055
0.5445121951219513
0.608
0.5602564102564103
0.5726027397260274
0.5880952380952381
0.600735294117647
0.5633720930232559
0.5081395348837209
0.558125
0.6258823529411764
0.5551948051948052
0.5493975903614458
0.4851063829787234
0.595054945054945
0.59375
0.6175
0.5744186046511628
0.5191860465116279
0.6180722891566265
0.581875
0.4936274509803922
0.44557522123893806
0.5523255813953488
0.5531645569620253
0.72803738317757
0.5846153846153846
0.5541666666666667
0.7952488687782805
0.7105042016806723
0.6170940170940171
0.5746913580246914
0.5886752136752137
0.4589887640449438
0.46467391304347827
0.6045454545454545
0.5648648648648649
0.6538961038961039
0.6142241379310345
0.5798701298701299
0.6302884615384615
0.5428571428571428
0.7028455284552846
0.5420245398773006
0.4260606060606061
0.5905405405405405
0.54
0.36900826446280993
0.59375
0.5732758620689655
0.6170103092783505
0.48532608695652174
0.5081395348837209
0.5920289855072464
0.57
0.415625
0.5073863636363637
0.7528301886792453
0.4936274509803922
0.5971428571428572
0.3980952380952381
0.6227777777777778
0.6147058823529412
0.55
0.4636904761904762
0.4696629213483146
0.38537735849056604
0.423109243697479
0.5480769230769231
0.4204918032786885
0.5066666666666667
0.5541666666666667
0.6307377049180328
0.562962962962963
0.5172222222222222
0.47989690721649486
0.5081395348837209
0.6045454545454545
0.46030927835051544
0.5523255813953488
0.6125
0.44946236559139785
0.5875
0.67015503875969
0.35625
0.6438888888888888
0.5846153846153846
0.5777027027027027
0.504424778761062
0.629054054054054
0.5428571428571428
0.5986301369863014
0.6132911392405064
0.541588785046729
0.5880952380952381
0.5428571428571428
0.59375
0.5531645569620253
0.5675324675324676
0.7067073170731707
0.5911111111111111
0.5986301369863014
0.6107142857142858
0.5798701298701299
0.4846938775510204
0.6731788079470199
0.600735294117647
0.5333333333333333
0.572289156626506
0.7240540540540541
0.5922077922077922
0.5375
0.4947916666666667
0.6262962962962964
0.521978021978022
0.57
0.6077205882352941
0.5089285714285714
0.6132911392405064
0.5531645569620253
0.6114942528735632
0.475
0.31666666666666665
0.6636029411764706
0.5531645569620253
0.625609756097561
0.629375
0.6116438356164383
0.6204081632653061
0.5379518072289157
0.5908536585365853
0.5225
0.6711956521739131
0.5443820224719101
0.6125
0.5428571428571428
0.41386138613861384
0.40572916666666664
0.613716814159292
0.6147058823529412
0.589240506329114
0.7196969696969697
0.5602564102564103
0.5905405405405405
0.4222222222222222
0.57
0.5798701298701299
0.5746913580246914
0.63828125
0.5428571428571428
0.5846153846153846
0.504320987654321
0.4290322580645161
0.36795774647887325
0.5798701298701299
0.5905405405405405
0.6232
0.49032258064516127
0.5732758620689655
0.6132911392405064
0.5472826086956522
0.5676829268292682
0.5644927536231884
0.5005376344086021
0.5512345679012346
0.7021739130434783
0.534375
0.33174603174603173
0.5994047619047619
0.5364705882352941
0.6089743589743589
0.6705882352941176
0.6033783783783784
0.375
0.5602564102564103
0.5252941176470588
0.5967948717948718
0.5428571428571428
0.562962962962963
0.5646853146853147
0.6404494382022472
0.6514285714285715
0.5880952380952381
0.6524096385542169
0.5266304347826087
0.532
0.46941176470588236
0.8283536585365854
0.6114942528735632
0.5767857142857142
0.5767857142857142
0.5625
0.615934065934066
0.653125
0.558125
0.5361386138613862
0.5588235294117647
0.5905405405405405
0.5244791666666667
0.6705882352941176
0.44759615384615387
0.5073863636363637
0.665
0.5356382978723404
0.5654761904761905
0.578735632183908
0.6069444444444444
0.3836538461538462
0.49709302325581395
0.6711009174311927
0.581875
0.562962962962963
0.5163043478260869
0.6112403100775193
0.6125
0.5908536585365853
0.6206666666666667
0.5926605504587156
0.6503846153846153
0.4961111111111111
0.5908536585365853
0.6253164556962025
0.7680851063829788
0.5726027397260274
0.57
0.552027027027027
0.46395348837209305
0.5036144578313253
0.6485576923076923
0.58
0.605625
0.5971428571428572
0.7676767676767676
0.6376712328767123
0.529113924050633
0.6045454545454545
0.6477272727272727
0.6930327868852459
0.501685393258427
0.5739583333333333
0.49709302325581395
0.6804054054054054
0.3931034482758621
0.4698924731182796
0.5036144578313253
0.5541666666666667
0.5792682926829268
0.6333333333333333
0.5955223880597015
0.5029411764705882
0.46444444444444444
0.36150442477876105
0.625609756097561
0.5193333333333333
0.5150602409638554
0.4803370786516854
0.49176470588235294
0.475
0.5905405405405405
0.6164893617021276
0.5654761904761905
0.57
0.42718120805369125
0.6850961538461539
0.6387931034482759
0.5651898734177215
0.6468085106382979
0.7026041666666667
0.6566176470588235
0.5237179487179487
0.5443820224719101
0.4965909090909091
0.5531645569620253
0.5974226804123711
0.44107142857142856
0.6116438356164383
0.5061475409836066
0.5241379310344828
0.605625
0.5753521126760563
0.6180722891566265
0.7622754491017965
0.671031746031746
0.6804054054054054
0.5089285714285714
0.581875
0.578735632183908
0.6069444444444444
0.5613636363636364
0.5618279569892473
0.5951807228915663
0.42336956521739133
0.6375
0.6054945054945055
0.5880952380952381
0.6370588235294118
0.5413978494623656
0.55
0.5651898734177215
0.5050632911392405
0.5541666666666667
0.5412790697674419
0.5846153846153846
0.6227777777777778
0.5875
0.560843373493976
0.5109243697478991
0.5908536585365853
0.55
0.43577981651376146
0.5602564102564103
0.6432291666666666
0.6547297297297298
0.6164893617021276
0.6371951219512195
0.5395061728395062
0.475
0.6429292929292929
0.6553797468354431
0.5962765957446808
0.5476470588235294
0.525
0.529113924050633
0.6420689655172414
0.48761061946902656
0.4905737704918033
0.3553435114503817
0.49709302325581395
0.6923728813559322
0.6122222222222222
0.5529850746268656
0.6641592920353983
0.6246575342465753
0.6147058823529412
0.46060606060606063
0.7354838709677419
0.4616822429906542
0.6186046511627907
0.49216867469879516
0.5531645569620253
0.552027027027027
0.46116504854368934
0.6660919540229885
0.748125
0.597752808988764
0.6107142857142858
0.5654761904761905
0.5512345679012346
0.5746913580246914
0.560843373493976
0.5541666666666667
0.4270642201834862
0.5744186046511628
0.399
0.6253164556962025
0.6711956521739131
0.560843373493976
0.6195652173913043
0.41304347826086957
0.4658653846153846
0.5637362637362637
0.48363636363636364
0.5826666666666667
0.57
0.5831683168316831
0.5746913580246914
0.5213414634146342
0.4980582524271845
0.572289156626506
0.5480769230769231
0.5013888888888889
0.6122222222222222
0.6191964285714285
0.6101626016260162
0.68875
0.5594444444444444
0.6258823529411764
0.5409722222222222
0.5915094339622642
0.6455128205128206
0.6008547008547008
0.6773913043478261
0.41304347826086957
0.5588235294117647
0.62
0.6333333333333333
0.5588235294117647
0.43846153846153846
0.6979591836734694
0.4284313725490196
0.6770114942528735
0.705078125
0.5876288659793815
0.562962962962963
0.5358974358974359
0.6221238938053097
0.6
0.595054945054945
0.5568965517241379
0.47989690721649486
0.5767857142857142
0.4414141414141414
0.7048387096774194
0.5777027027027027
0.5953333333333334
0.6220238095238095
0.6024390243902439
0.665
0.5854651162790697
0.510752688172043
0.629054054054054
0.6369318181818182
0.5911111111111111
0.5846153846153846
0.364018691588785
0.5412790697674419
0.5875
0.5721590909090909
0.59375
0.5523255813953488
0.59
0.47989690721649486
0.4791304347826087
0.629054054054054
0.5397727272727273
0.5
0.7137566137566138
0.3986607142857143
0.6634920634920635
0.40826446280991735
0.7096385542168675
0.6333333333333333
0.6729166666666667
0.36598360655737705
0.5455445544554456
0.41834862385321103
0.37445255474452555
0.5029411764705882
0.5132183908045977
0.56
0.6089743589743589
0.57
0.5659574468085107
0.5428571428571428
0.6538961038961039
0.66875
0.3786231884057971
0.4242718446601942
0.6242857142857143
0.5875
0.6116438356164383
0.5994047619047619
0.5230337078651686
0.7443298969072165
0.4596774193548387
0.639090909090909
0.5746913580246914
0.581875
0.6815217391304348
0.5457446808510639
0.4705607476635514
0.625
0.581875
0.39652173913043476
0.5951807228915663
0.6261363636363636
0.5480769230769231
0.5512345679012346
0.5401960784313725
0.6282258064516129
0.5724358974358974
0.6304545454545455
0.5981481481481481
0.554950495049505
0.5568965517241379
0.5379518072289157
0.4033018867924528
0.4936274509803922
0.4841346153846154
0.684322033898305
0.4146825396825397
0.6811320754716981
0.5717592592592593
0.5772151898734177
0.6211538461538462
0.627
0.47131782945736433
0.5551948051948052
0.36272727272727273
0.5558510638297872
0.6069444444444444
0.6132911392405064
0.41410256410256413
0.7105042016806723
0.5905405405405405
0.5005376344086021
0.4586206896551724
0.5358974358974359
0.5395061728395062
0.6016666666666667
0.7651351351351351
0.48579545454545453
0.6442528735632184
0.5267326732673268
0.5918032786885246
0.510625
0.6672619047619047
0.5005376344086021
0.5092783505154639
0.4961111111111111
0.5066666666666667
0.5923529411764706
0.6946236559139785
0.578735632183908
0.5302325581395348
0.613716814159292
0.4570754716981132
0.5531645569620253
0.558125
0.5887323943661972
0.5826666666666667
0.5875
0.6168831168831169
0.7196969696969697
0.5241379310344828
0.5560975609756098
0.6333333333333333
0.523469387755102
0.4350467289719626
0.5465753424657535
0.6195652173913043
0.4586206896551724
0.6168831168831169
0.6095833333333334
0.6658119658119658
0.6623853211009174
0.7067073170731707
0.7727611940298508
0.5824817518248175
0.6433070866141732
0.531547619047619
0.5654761904761905
0.6627906976744186
0.5678160919540229
0.5490825688073394
0.510625
0.38
0.5145833333333333
0.5237179487179487
0.49935897435897436
0.36064814814814816
0.5391891891891892
0.6097014925373134
0.6618852459016393
0.5464601769911505
0.5141176470588236
0.5480769230769231
0.49032258064516127
0.5142201834862385
0.5915094339622642
0.6012658227848101
0.5953333333333334
0.5311023622047244
0.5311827956989247
0.6505434782608696
0.4438524590163934
0.5792682926829268
0.5190721649484537
0.49709302325581395
0.572289156626506
0.7779527559055118
0.5531645569620253
0.36801801801801803
0.5652892561983471
0.6012658227848101
0.7358381502890173
0.6567901234567901
0.57
0.6396039603960396
0.5826666666666667
0.625
0.54625
0.5237179487179487
0.6465277777777778
0.6229508196721312
0.6415584415584416
0.5137755102040816
0.6691304347826087
0.4261682242990654
0.41
0.4803370786516854
0.6206666666666667
0.6660919540229885
0.562962962962963
0.5476470588235294
0.37222222222222223
0.5132183908045977
0.4696629213483146
0.5419463087248322
0.41454545454545455
0.501685393258427
0.6066265060240964
0.5252941176470588
0.6714285714285714
0.6333333333333333
0.5446666666666666
0.6012658227848101
0.6705882352941176
0.7026041666666667
0.6016666666666667
0.6107142857142858
0.4059090909090909
0.5532967032967033
0.6761261261261261
0.5457446808510639
0.6302884615384615
0.5625
0.575
0.5257281553398059
0.31946902654867254
0.6246575342465753
0.48021978021978023
0.578735632183908
0.6
0.5572115384615385
0.59375
0.6132911392405064
0.6617977528089888
0.649367088607595
0.5504672897196262
0.57
0.5361386138613862
0.5625
0.5907051282051282
0.7145299145299145
0.42318181818181816
0.602112676056338
0.7669724770642202
0.5880952380952381
0.6211538461538462
0.5108490566037736
0.6333333333333333
0.521978021978022
0.5922077922077922
0.62
0.4570754716981132
0.608
0.5115384615384615
0.5560975609756098
0.5379518072289157
0.6154929577464788
0.5744186046511628
0.653125
0.5181818181818182
0.498989898989899
0.6035294117647059
0.4808641975308642
0.560843373493976
0.55
0.717156862745098
0.575
0.41081081081081083
0.5856164383561644
0.5619718309859155
0.5516129032258065
0.5066666666666667
0.6759615384615385
0.575
0.5594444444444444
0.5172222222222222
0.6125
0.5480769230769231
0.5029411764705882
0.6295180722891566
0.5774509803921568
0.5411392405063291
0.59375
0.5648648648648649
0.5746913580246914
0.4965909090909091
0.5412790697674419
0.5856164383561644
0.5911111111111111
0.6514285714285715
0.4855555555555556
0.5911111111111111
0.5657303370786517
0.558125
0.5965116279069768
0.5209677419354839
0.6759615384615385
0.59375
0.6246575342465753
0.36774193548387096
0.6116438356164383
0.6129032258064516
0.49065934065934064
0.6785714285714286
0.5622448979591836
0.4567307692307692
0.48857142857142855
0.546969696969697
0.4935064935064935
0.5772151898734177
0.5512345679012346
0.6107142857142858
0.5885869565217391
0.5373737373737374
0.475
0.6544444444444445
0.6738372093023256
0.5445121951219513
0.649367088607595
0.6180722891566265
0.5488888888888889
0.59375
0.5237179487179487
0.5170886075949367
0.6147058823529412
0.6333333333333333
0.6798165137614679
0.4910112359550562
0.55
0.5992307692307692
0.7542424242424243
0.5369565217391304
0.646
0.5453703703703704
0.475
0.46116504854368934
0.38263888888888886
0.6333333333333333
0.510625
0.5428571428571428
0.5358974358974359
0.475
0.6045454545454545
0.48489583333333336
0.36944444444444446
0.5170886075949367
0.5379518072289157
0.4134259259259259
0.5369565217391304
0.6201388888888889
0.558125
0.5675324675324676
0.57
0.5588235294117647
0.572289156626506
0.5995901639344262
0.5493975903614458
0.6333333333333333
0.5922077922077922
0.5994047619047619
0.5772151898734177
0.5767857142857142
0.5181818181818182
0.581875
0.6394230769230769
0.6154929577464788
0.5489949748743719
0.5826666666666667
0.6170103092783505
0.6191011235955056
0.6415584415584416
0.6298913043478261
0.437
0.5050632911392405
0.5965116279069768
0.5040816326530613
0.6369318181818182
0.5772151898734177
0.7173469387755103
0.6785714285714286
0.5445121951219513
0.6450617283950617
0.5864197530864198
0.6054945054945055
0.5081395348837209
0.4790598290598291
0.46116504854368934
0.5298076923076923
0.57
0.46030927835051544
0.5541666666666667
0.6566176470588235
0.403030303030303
0.5445121951219513
0.6012658227848101
0.501685393258427
0.3268
0.4976190476190476
0.595054945054945
0.5337078651685393
0.5880952380952381
0.5798701298701299
0.5097560975609756
0.6333333333333333
0.5488888888888889
0.5829545454545455
0.5369565217391304
0.608
0.7067073170731707
0.5875
0.4930379746835443
0.5560975609756098
0.6126168224299066
0.5331632653061225
0.575
0.6509259259259259
0.6107142857142858
0.5846153846153846
0.5141176470588236
0.49137931034482757
0.5266304347826087
0.5558510638297872
0.5252941176470588
0.6506849315068494
0.578735632183908
0.5141176470588236
0.5905405405405405
0.5826666666666667
0.2960144927536232
0.532
0.6268041237113402
0.5951807228915663
0.7
0.5986301369863014
0.5361386138613862
0.6724719101123595
0.6
0.37657657657657656
0.5953333333333334
0.5724358974358974
0.5675324675324676
0.7168181818181818
0.558125
0.560843373493976
0.6514285714285715
0.5383333333333333
0.5651898734177215
0.5846153846153846
0.5443820224719101
0.5953333333333334
0.6154929577464788
0.5846153846153846
0.6640776699029126
0.684
0.38283582089552237
0.655952380952381
0.7
0.4935064935064935
0.5811764705882353
0.4211340206185567
0.558125
0.5428571428571428
0.562962962962963
0.5896551724137931
0.4655
0.7330246913580247
0.4804597701149425
0.482421875
0.7617117117117117
0.55
0.6261363636363636
0.5644927536231884
0.5
0.5951807228915663
0.513
0.560843373493976
0.5480769230769231
0.4439252336448598
0.6097014925373134
0.5805555555555556
0.5202380952380953
0.6154929577464788
0.5679347826086957
0.54
0.6896296296296296
0.5445121951219513
0.54
0.5446666666666666
0.6876190476190476
0.6246575342465753
0.597752808988764
0.5965116279069768
0.665
0.6930327868852459
0.6333333333333333
0.3641666666666667
0.5364705882352941
0.5671641791044776
0.7582568807339449
0.5774509803921568
0.4863095238095238
0.5811764705882353
0.5375
0.5551948051948052
0.5446666666666666
0.5986301369863014
0.646
0.6618852459016393
0.498989898989899
0.5965116279069768
0.6125
0.6098765432098765
0.6333333333333333
0.6211538461538462
0.5411392405063291
0.6491666666666667
0.6005747126436781
0.5588235294117647
0.5277777777777778
0.6536697247706422
0.5413978494623656
0.562962962962963
0.6642857142857143
0.5413978494623656
0.5896551724137931
0.4956521739130435
0.6612
0.57
0.5472826086956522
0.5837349397590361
0.6729166666666667
0.6227777777777778
0.5053191489361702
0.5289772727272727
0.6005747126436781
0.5777027027027027
0.5753521126760563
0.6333333333333333
0.7
0.44504504504504505
0.625
0.5073863636363637
0.4976190476190476
0.5875
0.5792682926829268
0.5618279569892473
0.7546099290780142
0.5829545454545455
0.4586206896551724
0.4855555555555556
0.45290697674418606
0.5573333333333333
0.49065934065934064
0.5531645569620253
0.4552083333333333
0.5721590909090909
0.6949074074074074
0.6415584415584416
0.6375
0.46
0.7388888888888889
0.5150602409638554
0.5277777777777778
0.5202380952380953
0.6380597014925373
0.5137755102040816
0.6186046511627907
0.5951807228915663
0.5364705882352941
0.50625
0.5375
0.5986301369863014
0.4666666666666667
0.6738372093023256
0.5880952380952381
0.6333333333333333
0.6855670103092784
0.5651898734177215
0.5633720930232559
0.5816326530612245
0.6446428571428572
0.33413793103448275
0.4520161290322581
0.7031496062992126
0.6107142857142858
0.5911111111111111
0.3931034482758621
0.5911111111111111
0.5292857142857142
0.5908536585365853
0.6375
0.415625
0.5856164383561644
0.6246575342465753
0.5573333333333333
0.5350574712643679
0.6
0.5391891891891892
0.36853448275862066
0.5626213592233009
0.4567307692307692
0.5442708333333334
0.552027027027027
0.7625
0.6240196078431373
0.36485507246376814
0.65
0.5795
0.5092783505154639
0.5005376344086021
0.5951807228915663
0.6738372093023256
0.6201388888888889
0.6170103092783505
0.5613636363636364
0.5512345679012346
0.5289772727272727
0.6186046511627907
0.5350574712643679
0.646
0.5990990990990991
0.5856164383561644
0.597752808988764
0.5576086956521739
0.57
0.5480769230769231
0.5062043795620438
0.5123595505617977
0.4470588235294118
0.48857142857142855
0.608
0.5967948717948718
0.6045454545454545
0.4863095238095238
0.6333333333333333
0.5445121951219513
0.7150537634408602
0.47920353982300884
0.6012658227848101
0.697787610619469
0.39449152542372884
0.5523255813953488
0.5651898734177215
0.5413978494623656
0.46238938053097345
0.5854651162790697
0.6231182795698925
0.5678160919540229
0.6107142857142858
0.6084269662921349
0.572289156626506
0.6477272727272727
0.4137096774193548
0.5181818181818182
0.5560975609756098
0.6168831168831169
0.5920289855072464
0.6417553191489361
0.6053921568627451
0.6162162162162163
0.6125
0.6554263565891473
0.5846153846153846
0.48579545454545453
0.6594117647058824
0.5764957264957264
0.6275229357798165
0.6669191919191919
0.6191011235955056
0.579047619047619
0.653125
0.46192660550458714
0.48532608695652174
0.6535460992907801
0.5753521126760563
0.5490825688073394
0.643801652892562
0.6214953271028038
0.5885869565217391
0.5915094339622642
0.5777027027027027
0.6465277777777778
0.6698717948717948
0.5050632911392405
0.5040816326530613
0.4821969696969697
0.5135135135135135
0.5967948717948718
0.5856164383561644
0.4961111111111111
0.4486111111111111
0.6227777777777778
0.605625
0.5383333333333333
0.5905405405405405
0.5277777777777778
0.510625
0.5397727272727273
0.5805555555555556
0.5445121951219513
0.6333333333333333
0.6636986301369863
0.48579545454545453
0.5716814159292035
0.5350574712643679
0.5995145631067961
0.6450617283950617
0.4642045454545455
0.57
0.5265060240963856
0.6365979381443299
0.6154929577464788
0.4420792079207921
0.4698924731182796
0.510625
0.5266304347826087
0.5029411764705882
0.6463917525773196
0.6075581395348837
0.5401960784313725
0.6939130434782609
0.5375
0.45740740740740743
0.534375
0.6
0.6876865671641791
0.475
0.6946236559139785
0.5829545454545455
0.4837962962962963
0.5792682926829268
0.5594444444444444
0.4290322580645161
0.5618279569892473
0.405982905982906
0.6438888888888888
0.5676829268292682
0.5115384615384615
0.6045454545454545
0.6227777777777778
0.6028846153846154
0.6201388888888889
0.5782608695652174
0.475
0.5302325581395348
0.5846153846153846
0.6333333333333333
0.5637362637362637
0.5428571428571428
0.42130434782608694
0.6005747126436781
0.649367088607595
0.57
0.6551724137931034
0.5445121951219513
0.5150602409638554
0.74
0.5798701298701299
0.3836538461538462
0.6659793814432989
0.42035398230088494
0.5411392405063291
0.5782608695652174
0.5350574712643679
0.5953333333333334
0.560843373493976
0.532
0.6033783783783784
0.36944444444444446
0.6120192307692308
0.6375
0.4648936170212766
0.558125
0.589240506329114
0.6234375
0.5397727272727273
0.4275
0.6333333333333333
0.5135135135135135
0.6566176470588235
0.475
0.5716814159292035
0.6162162162162163
0.43018867924528303
0.5277777777777778
0.37424242424242427
0.5181818181818182
0.5676829268292682
0.5827731092436975
0.5724358974358974
0.510752688172043
0.5193333333333333
0.44946236559139785
0.6045454545454545
0.608
0.5875
0.5120567375886524
0.5651898734177215
0.5484536082474227
0.5853535353535354
0.403030303030303
0.5967948717948718
0.6569148936170213
0.5516129032258065
0.6301020408163265
0.7464285714285714
0.5525510204081633
0.4586206896551724
0.5089285714285714
0.5089285714285714
0.5412790697674419
0.5527272727272727
0.5395061728395062
0.5726027397260274
0.5896551724137931
0.5356382978723404
0.646311475409836
0.5230337078651686
0.7663865546218488
0.8099358974358974
0.6909090909090909
0.5265060240963856
0.4290322580645161
0.562962962962963
0.5726027397260274
0.6191011235955056
0.5918032786885246
0.5225
0.560843373493976
0.38564356435643565
0.6985294117647058
0.749609375
0.5679347826086957
0.5395061728395062
0.5089285714285714
0.5826666666666667
0.5633720930232559
0.5905405405405405
0.615934065934066
0.5588235294117647
0.5922077922077922
0.5265060240963856
0.6443478260869565
0.5665137614678899
0.5288659793814433
0.5172222222222222
0.49216867469879516
0.6057971014492753
0.57
0.49032258064516127
0.6206666666666667
0.653125
0.5905405405405405
0.7758333333333334
0.5089285714285714
0.6375
0.4578313253012048
0.6045454545454545
0.5798701298701299
0.5306306306306307
0.5826666666666667
0.5946564885496183
0.5676100628930818
0.5792682926829268
0.5837349397590361
0.6690140845070423
0.576063829787234
0.6385245901639345
0.6717857142857143
0.6242857142857143
0.475
0.415625
0.5875
0.5754807692307692
0.5605
0.675206611570248
0.5364705882352941
0.5798701298701299
0.6153409090909091
0.285
0.625
0.49709302325581395
0.5089285714285714
0.5
0.5746913580246914
0.552027027027027
0.59375
0.581875
0.49709302325581395
0.5651898734177215
0.5230337078651686
0.5379518072289157
0.5905405405405405
0.5971428571428572
0.6719512195121952
0.5676829268292682
0.4440217391304348
0.6024390243902439
0.665
0.4514851485148515
0.4538888888888889
0.5896551724137931
0.5252941176470588
0.6296511627906977
0.6107142857142858
0.6288732394366198
0.6089743589743589
0.59
0.46941176470588236
0.48579545454545453
0.5181818181818182
0.6201388888888889
0.475
0.6066265060240964
0.57
0.575
0.6333333333333333
0.700625
0.5311827956989247
0.5731404958677686
0.6016666666666667
0.5637362637362637
0.5493975903614458
0.6764
0.5150602409638554
0.4658653846153846
0.6036458333333333
0.5864197530864198
0.5846153846153846
0.6409638554216868
0.6147058823529412
0.5854651162790697
0.5132183908045977
0.5512345679012346
0.3940740740740741
0.5484536082474227
0.529113924050633
0.6168831168831169
0.6218181818181818
0.5985
0.629054054054054
0.6242857142857143
0.5953333333333334
0.5602564102564103
0.4796116504854369
0.6242857142857143
0.6116438356164383
0.560843373493976
0.7283333333333334
0.5746913580246914
0.475
0.5551948051948052
0.5512345679012346
0.5582474226804124
0.55
0.7125
0.562962962962963
0.649367088607595
0.5625
0.7421875
0.54625
0.3649006622516556
0.5551948051948052
0.611304347826087
0.5676829268292682
0.6764
0.6089743589743589
0.4930379746835443
0.5411392405063291
0.684
0.5302325581395348
0.6938202247191011
0.6333333333333333
0.49137931034482757
0.59375
0.4863095238095238
0.34262295081967215
0.5493975903614458
0.5459770114942529
0.486875
0.5846153846153846
0.64125
0.5911111111111111
0.6333333333333333
0.6075581395348837
0.560843373493976
0.558125
0.6263736263736264
0.6147058823529412
0.5268181818181819
0.5741758241758241
0.562962962962963
0.4655
0.6916666666666667
0.5267326732673268
0.5476470588235294
0.54625
0.5302325581395348
0.5953333333333334
0.47079646017699117
0.42876106194690267
0.6258823529411764
0.5560975609756098
0.531547619047619
0.602112676056338
0.7148514851485148
0.6597222222222222
0.578735632183908
0.475
0.5588235294117647
0.572289156626506
0.7727611940298508
0.716044776119403
0.5922077922077922
0.7289308176100628
0.46192660550458714
0.5476470588235294
0.5924731182795699
0.4242718446601942
0.6295180722891566
0.5777027027027027
0.5465753424657535
0.5238317757009345
0.6247747747747747
0.5994047619047619
0.6927083333333334
0.6690140845070423
0.6581699346405229
0.5951807228915663
0.5602564102564103
0.5252941176470588
0.6621212121212121
0.5443820224719101
0.5838541666666667
0.405982905982906
0.602112676056338
0.475
0.5512345679012346
0.5798701298701299
0.5252941176470588
0.38
0.6551724137931034
0.4803370786516854
0.5651898734177215
0.5772151898734177
0.43267326732673267
0.4477011494252874
0.5369565217391304
0.5213414634146342
0.6258823529411764
0.5324175824175824
0.6551724137931034
0.48489583333333336
0.5648648648648649
0.42552083333333335
0.6216049382716049
0.5022988505747127
0.5951807228915663
0.48021978021978023
0.46116504854368934
0.5675324675324676
0.6206666666666667
0.6426470588235295
0.6446428571428572
0.6168831168831169
0.6253164556962025
0.5364705882352941
0.497196261682243
0.451010101010101
0.6076576576576577
0.44946236559139785
0.646
0.6075581395348837
0.627
0.5953333333333334
0.6472527472527473
0.6075581395348837
0.45321100917431195
0.5675324675324676
0.6719512195121952
0.532
0.5505681818181818
0.639795918367347
0.5428571428571428
0.5172222222222222
0.4910112359550562
0.5465753424657535
0.6333333333333333
0.3911764705882353
0.5995145631067961
0.6396039603960396
0.5230337078651686
0.6815217391304348
0.6
0.6455128205128206
0.5719387755102041
0.6658119658119658
0.57
0.6376712328767123
0.54625
0.7416666666666667
0.639090909090909
0.5383333333333333
0.5516129032258065
0.6767123287671233
0.629054054054054
0.6117424242424242
0.6844086021505377
0.6442528735632184
0.59375
0.625609756097561
0.595054945054945
0.5160493827160494
0.58
0.5877118644067797
0.6659793814432989
0.5493975903614458
0.5079207920792079
0.5263513513513514
0.5476470588235294
0.5923529411764706
0.4658653846153846
0.44831460674157303
0.6214953271028038
0.5676829268292682
0.475
0.7068452380952381
0.5277777777777778
0.5160493827160494
0.5476470588235294
0.5123595505617977
0.5011811023622047
0.5302325581395348
0.6258823529411764
0.5880952380952381
0.4863095238095238
0.5651898734177215
0.7417307692307692
0.6089743589743589
0.5302325581395348
0.7615079365079365
0.5854651162790697
0.6832191780821918
0.575
0.6097014925373134
0.5193333333333333
0.7331521739130434
0.5369565217391304
0.5123595505617977
0.4925925925925926
0.5495098039215687
0.6690140845070423
0.5397727272727273
0.5826666666666667
0.4543478260869565
0.558125
0.6087378640776699
0.7081818181818181
0.40948275862068967
0.4490909090909091
0.5565656565656566
0.47
0.6164893617021276
0.6227777777777778
0.5391891891891892
0.5237179487179487
0.608
0.5967948717948718
0.575
0.64125
0.5551948051948052
0.538659793814433
0.5953333333333334
0.475
0.5305194805194805
0.6
0.6612745098039216
0.437
0.54625
0.504320987654321
0.6632075471698113
0.6966666666666667
0.475
0.5880952380952381
0.581875
0.45478723404255317
0.4582352941176471
0.4976190476190476
0.5872727272727273
0.5115384615384615
0.5588235294117647
0.5265060240963856
0.6422535211267606
0.6092391304347826
0.5885869565217391
0.56
0.6455128205128206
0.5588235294117647
0.4807228915662651
0.6116438356164383
0.5442708333333334
0.5551948051948052
0.4959558823529412
0.49
0.6670212765957447
0.5531645569620253
0.6147058823529412
0.5679347826086957
0.529113924050633
0.7412087912087912
0.5625
0.5484536082474227
0.6817647058823529
0.520673076923077
0.5595890410958904
0.6220238095238095
0.5727941176470588
0.5412790697674419
0.5196581196581197
0.5826666666666667
0.5428571428571428
0.6132911392405064
0.5726027397260274
0.6375
0.4932692307692308
0.57
0.5602564102564103
0.534375
0.57
0.5181818181818182
0.531547619047619
0.6702777777777778
0.5350574712643679
0.4242718446601942
0.5974226804123711
0.6220238095238095
0.6378571428571429
0.7544117647058823
0.5445121951219513
0.5625
0.4489010989010989
0.6612745098039216
0.4702020202020202
0.5613636363636364
0.5379518072289157
0.5277777777777778
0.5541666666666667
0.43782608695652175
0.4552083333333333
0.5947154471544716
0.575
0.5905405405405405
0.5356382978723404
0.5277777777777778
0.6435483870967742
0.58
0.6672619047619047
0.602112676056338
0.6147058823529412
0.6561855670103093
0.6157407407407407
0.6164893617021276
0.6640776699029126
0.55
0.4126262626262626
0.4648936170212766
0.475
0.6107142857142858
0.4489010989010989
0.5767857142857142
0.5480769230769231
0.6423809523809524
0.6098765432098765
0.5955223880597015
0.46060606060606063
0.6231182795698925
0.4891089108910891
0.6180722891566265
0.6295180722891566
0.5412790697674419
0.6069444444444444
0.5445121951219513
0.5230337078651686
0.5588235294117647
0.5415
0.625
0.53
0.6660919540229885
0.45340909090909093
0.5
0.5767857142857142
0.5837349397590361
0.5880952380952381
0.4290322580645161
0.6621212121212121
0.5196581196581197
0.3958333333333333
0.6729166666666667
0.3265625
0.4910112359550562
0.59
0.5720430107526882
0.529113924050633
0.5428571428571428
0.600735294117647
0.5480769230769231
0.4044554455445545
0.5644927536231884
0.520673076923077
0.5595890410958904
0.36259541984732824
0.6296511627906977
0.649367088607595
0.4438524590163934
0.48021978021978023
0.6220238095238095
0.6438888888888888
0.5951807228915663
0.6389380530973451
0.5971428571428572
0.5724358974358974
0.54625
0.6220238095238095
0.5679347826086957
0.6066265060240964
0.6107142857142858
0.49709302325581395
0.49817073170731707
0.5170886075949367
0.5277777777777778
0.6438888888888888
0.6107142857142858
0.589240506329114
0.5209677419354839
0.684
0.5777027027027027
0.39278846153846153
0.5347682119205298
0.6183962264150943
0.5644927536231884
0.5046875
0.684
0.572289156626506
0.6216049382716049
0.7155844155844155
0.4845
0.4891089108910891
0.5864197530864198
0.5613636363636364
0.5397727272727273
0.5798701298701299
0.629054054054054
0.5215686274509804
0.5746913580246914
0.5484536082474227
0.486875
0.5953333333333334
0.5602564102564103
0.4943089430894309
0.6370588235294118
0.6642857142857143
0.5753521126760563
0.6935
0.4046296296296296
0.5079207920792079
0.5861702127659575
0.48857142857142855
0.5238317757009345
0.6402173913043478
0.6
0.6333333333333333
0.5036144578313253
0.6258823529411764
0.5459770114942529
0.5633720930232559
0.572289156626506
0.456
0.6640776699029126
0.5633720930232559
0.5493975903614458
0.6477272727272727
0.4505154639175258
0.4362244897959184
0.45740740740740743
0.6861111111111111
0.5191860465116279
0.5720430107526882
0.5767857142857142
0.4893939393939394
0.5560975609756098
0.46
0.5531645569620253
0.5602564102564103
0.46467391304347827
0.5923529411764706
0.5986301369863014
0.4342857142857143
0.59375
0.49176470588235294
0.4046296296296296
0.4481132075471698
0.6494897959183673
0.5967948717948718
0.5877118644067797
0.6033783783783784
0.5476470588235294
0.5163043478260869
0.6495726495726496
0.534375
0.5875
0.6685185185185185
0.586764705882353
0.5115384615384615
0.4845
0.5141176470588236
0.5488888888888889
0.5911111111111111
0.6089743589743589
0.7322916666666667
0.5230337078651686
0.578735632183908
0.5651898734177215
0.5428571428571428
0.44468085106382976
0.5505681818181818
0.510625
0.4377450980392157
0.6755555555555556
0.4910112359550562
0.6641592920353983
0.6700892857142857
0.3263803680981595
0.5573333333333333
0.5505681818181818
0.41304347826086957
0.3980952380952381
0.6972477064220184
0.5252941176470588
0.4377450980392157
0.3259124087591241
0.6012658227848101
0.582258064516129
0.6446428571428572
0.6627906976744186
0.5480769230769231
0.4505154639175258
0.5428571428571428
0.6446428571428572
0.4807228915662651
0.29375
0.608
0.5798701298701299
0.6012658227848101
0.68875
0.4837962962962963
0.5277777777777778
0.5746913580246914
0.5029411764705882
0.6107142857142858
0.43349514563106795
0.5854651162790697
0.7048387096774194
0.5657303370786517
0.5777027027027027
0.59
0.54625
0.6567901234567901
0.6456310679611651
0.43018867924528303
0.46941176470588236
0.6107142857142858
0.5115384615384615
0.5412790697674419
0.6446428571428572
0.49176470588235294
0.5324175824175824
0.5541666666666667
0.6785714285714286
0.5811764705882353
0.5911111111111111
0.5488888888888889
0.5971428571428572
0.5651898734177215
0.5022988505747127
0.6421296296296296
0.5625
0.5551948051948052
0.575
0.5541666666666667
0.5811764705882353
0.5864197530864198
0.5625
0.5193333333333333
0.5237179487179487
0.38177570093457946
0.578735632183908
0.531547619047619
0.6603658536585366
0.4910112359550562
0.6206666666666667
0.44752066115702477
0.5263513513513514
0.47
0.6759615384615385
0.46030927835051544
0.5922077922077922
0.46030927835051544
0.63828125
0.4708695652173913
0.6438888888888888
0.6098765432098765
0.57
0.5565656565656566
0.6140243902439024
0.6333333333333333
0.5046875
0.6211538461538462
0.5512345679012346
0.46467391304347827
0.578735632183908
0.4910112359550562
0.5994047619047619
0.6526086956521739
0.57
0.589240506329114
0.7388888888888889
0.5724358974358974
0.4567307692307692
0.57
0.49176470588235294
0.5726027397260274
0.5951807228915663
0.582258064516129
0.608
0.5
0.6551724137931034
0.38169642857142855
0.6630208333333333
0.5568965517241379
0.6601694915254237
0.5805555555555556
0.5525510204081633
0.5676829268292682
0.4956521739130435
0.5588235294117647
0.5618279569892473
0.6455128205128206
0.5523255813953488
0.451010101010101
0.531547619047619
0.5181818181818182
0.5837349397590361
0.5724358974358974
0.5805555555555556
0.4845
0.5428571428571428
0.6889312977099237
0.602112676056338
0.6638554216867469
0.5683035714285715
0.5951807228915663
0.6990566037735849
0.6741935483870968
0.732994923857868
0.5334615384615384
0.6087378640776699
0.6012658227848101
0.5846153846153846
0.5531645569620253
0.5753521126760563
0.6333333333333333
0.6084269662921349
0.5726027397260274
0.510625
0.5337078651685393
0.6909090909090909
0.6795138888888889
0.5825471698113207
0.6
0.5654761904761905
0.5445121951219513
0.57
0.5324175824175824
0.5837349397590361
0.57
0.5741758241758241
0.5573333333333333
0.5029411764705882
0.57
0.5746913580246914
0.6107142857142858
0.6385245901639345
0.5412790697674419
0.415625
0.6333333333333333
0.6125
0.5181818181818182
0.5870786516853933
0.6918478260869565
0.6191011235955056
0.6268041237113402
0.5493975903614458
0.5678160919540229
0.5181818181818182
0.5531645569620253
0.534375
0.4893939393939394
0.5676829268292682
0.5990990990990991
0.6367021276595745
0.3847107438016529
0.6162162162162163
0.4578313253012048
0.6261363636363636
0.558125
0.4350467289719626
0.6024390243902439
0.5397727272727273
0.5651898734177215
0.5953333333333334
0.6154929577464788
0.5856164383561644
0.6162162162162163
0.5225
0.6024390243902439
0.6472527472527473
0.4354166666666667
0.5541666666666667
0.5191860465116279
0.6221238938053097
0.6785714285714286
0.57
0.6375
0.6534391534391535
0.5550561797752809
0.5073863636363637
0.646
0.646
0.7581730769230769
0.6333333333333333
0.55
0.5445121951219513
0.6415584415584416
0.6408730158730159
0.5202380952380953
0.7017045454545454
0.6705882352941176
0.672108843537415
0.6107142857142858
0.5541666666666667
0.7288793103448276
0.6024390243902439
0.4552083333333333
0.4864
0.5861702127659575
0.615934065934066
0.5880952380952381
0.596078431372549
0.64
0.5856164383561644
0.6186046511627907
0.5856164383561644
0.7179389312977099
0.5896551724137931
0.46467391304347827
0.5846153846153846
0.4222222222222222
0.6472527472527473
0.40192307692307694
0.49065934065934064
0.5864197530864198
0.5745967741935484
0.5457446808510639
0.5397727272727273
0.6094339622641509
0.55
0.7101010101010101
0.5777027027027027
0.6
0.5837349397590361
0.665
0.5349514563106796
0.5369565217391304
0.6246575342465753
0.5356382978723404
0.5588235294117647
0.5237179487179487
0.5225
0.628099173553719
0.5870786516853933
0.5837349397590361
0.7059633027522936
0.7
0.5375
0.4965909090909091
0.6092391304347826
0.4936274509803922
0.5918032786885246
0.7737903225806452
0.4870253164556962
0.753968253968254
0.5266304347826087
0.602112676056338
0.6147058823529412
0.45637254901960783
0.6618852459016393
0.6688
0.552027027027027
0.521978021978022
0.6918478260869565
0.6613924050632911
0.558125
0.6201388888888889
0.5777027027027027
0.6767123287671233
0.5512345679012346
0.38
0.6852459016393443
0.5640625
0.5531645569620253
0.6633620689655172
0.5476470588235294
0.5782608695652174
0.5115384615384615
0.576063829787234
0.48532608695652174
0.6384
0.4851063829787234
0.6092391304347826
0.5676829268292682
0.6240196078431373
0.5337078651685393
0.5255319148936171
0.5853535353535354
0.45478723404255317
0.576063829787234
0.5160493827160494
0.6376712328767123
0.6333333333333333
0.38513513513513514
0.5951807228915663
0.6415584415584416
0.5428571428571428
0.579047619047619
0.7091549295774648
0.4582352941176471
0.5764044943820225
0.600735294117647
0.7040178571428571
0.5097560975609756
0.546969696969697
0.6700892857142857
0.5777027027027027
0.525
0.4504310344827586
0.5513392857142857
0.57
0.59375
0.6426470588235295
0.600735294117647
0.6107142857142858
0.5466981132075471
0.6069444444444444
0.29178571428571426
0.5839449541284404
0.5625
0.6738372093023256
0.5767857142857142
0.575
0.5772151898734177
0.6919753086419753
0.552027027027027
0.6312903225806452
0.5875
0.5971428571428572
0.5445121951219513
0.6333333333333333
0.5428571428571428
0.5541666666666667
0.5446666666666666
0.5329268292682927
0.6028846153846154
0.7057142857142857
0.6438888888888888
0.5746913580246914
0.5512345679012346
0.6263736263736264
0.6942307692307692
0.5459770114942529
0.534375
0.5724358974358974
0.5218309859154929
0.5358974358974359
0.5350574712643679
0.6422535211267606
0.475
0.6426470588235295
0.6107142857142858
0.597752808988764
0.4980582524271845
0.57
0.4961111111111111
0.62
0.57
0.5541666666666667
0.5
0.5887323943661972
0.6576923076923077
0.57
0.3931034482758621
0.6091603053435114
0.5560975609756098
0.529113924050633
0.5411392405063291
0.575
0.5633720930232559
0.675206611570248
0.6154929577464788
0.4698924731182796
0.57
0.7040178571428571
0.4845
0.6451492537313432
0.5720430107526882
0.6092391304347826
0.6675675675675675
0.4284313725490196
0.5115384615384615
0.3265625
0.5289772727272727
0.6207920792079208
0.6601694915254237
0.48489583333333336
0.5837349397590361
0.6288732394366198
0.5981481481481481
0.46530612244897956
0.5160493827160494
0.5541666666666667
0.7343971631205674
0.4910112359550562
0.54625
0.6785714285714286
0.7490384615384615
0.6785714285714286
0.5122549019607843
0.6147058823529412
0.49216867469879516
0.6298913043478261
0.5675324675324676
0.5764044943820225
0.560843373493976
0.5811764705882353
0.5946043165467626
0.5563063063063063
0.4284313725490196
0.4465811965811966
0.5846153846153846
0.4465
0.624537037037037
0.6010204081632653
0.6406976744186047
0.5505681818181818
0.5428571428571428
0.5488888888888889
0.6045454545454545
0.5277777777777778
0.6125
0.5986301369863014
0.6012658227848101
0.5560975609756098
0.6608695652173913
0.6012658227848101
0.5202380952380953
0.5115384615384615
0.7206896551724138
0.4845
0.5573333333333333
0.6992
0.5364705882352941
0.5237179487179487
0.6415584415584416
0.5331632653061225
0.6035294117647059
0.7331521739130434
0.6075581395348837
0.4636904761904762
0.5493975903614458
0.49709302325581395
0.701865671641791
0.57
0.5324175824175824
0.5837349397590361
0.562962962962963
0.6682203389830509
0.4891089108910891
0.5896551724137931
0.6084269662921349
0.5792682926829268
0.5809917355371901
0.5908536585365853
0.47
0.6759615384615385
0.578735632183908
0.5154255319148936
0.5922077922077922
0.5191860465116279
0.625609756097561
0.5401960784313725
0.5488888888888889
0.5395061728395062
0.48
0.5633720930232559
0.5277777777777778
0.5
0.6621212121212121
0.5202380952380953
0.6586666666666666
0.6288732394366198
0.5225
0.6915441176470588
0.5846153846153846
0.5679347826086957
0.5358974358974359
0.5480769230769231
0.6333333333333333
0.4489010989010989
0.6045454545454545
0.6097014925373134
0.5531645569620253
0.5181818181818182
0.5565656565656566
0.5625
0.6195652173913043
0.64
0.5132183908045977
0.5115384615384615
0.510625
0.5375
0.4965909090909091
0.653125
0.6597222222222222
0.579047619047619
0.4793577981651376
0.363671875
0.333984375
0.5618279569892473
0.415625
0.4896907216494845
0.600735294117647
0.7352739726027397
0.6974683544303798
0.5089285714285714
0.7
0.5613636363636364
0.675
0.44224137931034485
0.5875
0.5986301369863014
0.46954022988505745
0.6234375
0.5448529411764705
0.572289156626506
0.558125
0.5411392405063291
0.6962328767123288
0.552027027027027
0.5289772727272727
0.4586206896551724
0.5922077922077922
0.6242857142857143
0.6745
0.61875
0.57
0.5777027027027027
0.5922077922077922
0.6678217821782179
0.625968992248062
0.5516129032258065
0.575
0.608
0.665
0.5364705882352941
0.572289156626506
0.5213414634146342
0.495398773006135
0.597752808988764
0.5181818181818182
0.4440217391304348
0.653125
0.5375
0.6178861788617886
0.597752808988764
0.5046875
0.5560975609756098
0.6537634408602151
0.5277777777777778
0.5329268292682927
0.48579545454545453
0.4961111111111111
0.5022988505747127
0.6147058823529412
0.5391891891891892
0.6201388888888889
0.5459770114942529
0.5191860465116279
0.6641592920353983
0.5922077922077922
0.572289156626506
0.7054455445544554
0.5531645569620253
0.5925742574257425
0.6206666666666667
0.6125
0.6705882352941176
0.525
0.600735294117647
0.5726027397260274
0.6211538461538462
0.597752808988764
0.57
0.64125
0.695360824742268
0.5411392405063291
0.596694214876033
0.5081395348837209
0.625609756097561
0.578735632183908
0.4704761904761905
0.5141176470588236
0.6525252525252525
0.5005376344086021
0.6084269662921349
0.6125
0.5237179487179487
0.6567901234567901
0.6024390243902439
0.5659574468085107
0.5811764705882353
0.5946564885496183
0.6368131868131868
0.6227777777777778
0.5213414634146342
0.5531645569620253
0.534375
0.5971428571428572
0.5835714285714285
0.45916666666666667
0.6258823529411764
0.5213414634146342
0.6738372093023256
0.5237179487179487
0.475
0.4847938144329897
0.6713333333333333
0.5967948717948718
0.572289156626506
0.6491666666666667
0.4556122448979592
0.6125
0.39278846153846153
0.576063829787234
0.5241379310344828
0.49709302325581395
0.5753521126760563
0.5908536585365853
0.6045454545454545
0.5505681818181818
0.5446666666666666
0.5924731182795699
0.562962962962963
0.35348837209302325
0.6295180722891566
0.5826666666666667
0.7549107142857143
0.5277777777777778
0.59375
0.475
0.4608910891089109
0.7794871794871795
0.6024390243902439
0.4684027777777778
0.44468085106382976
0.6054945054945055
0.4985148514851485
0.5313559322033898
0.6154929577464788
0.6729166666666667
0.501685393258427
0.6175
0.6206666666666667
0.5305194805194805
0.5880952380952381
0.5719387755102041
0.5238317757009345
0.6298913043478261
0.6
0.4790598290598291
0.5626213592233009
0.59375
0.5383333333333333
0.5839449541284404
0.5277777777777778
0.5266304347826087
0.25959302325581396
0.49216867469879516
0.7026041666666667
0.6365
0.6521186440677966
0.5369565217391304
0.5005376344086021
0.43018867924528303
0.605625
0.5625
0.5675324675324676
0.5678160919540229
0.589240506329114
0.6045454545454545
0.5375
0.4961111111111111
0.6107142857142858
0.5721590909090909
0.616015625
0.6511235955056179
0.5744186046511628
0.562962962962963
0.6097014925373134
0.5476470588235294
0.5541666666666667
0.5777027027027027
0.6063829787234043
0.4414141414141414
0.5097560975609756
0.46620370370370373
0.5225
0.46636363636363637
0.6723076923076923
0.575
0.562962962962963
0.5442708333333334
0.5193333333333333
0.5767857142857142
0.6258823529411764
0.57
0.6087378640776699
0.6
0.37845528455284555
0.5777027027027027
0.5533980582524272
0.5072815533980582
0.675206611570248
0.5875
0.486875
0.56
0.6107142857142858
0.615934065934066
0.6298913043478261
0.38
0.48579545454545453
0.5358974358974359
0.5633720930232559
0.6809734513274336
0.5915094339622642
0.605625
0.54625
0.5005376344086021
0.6736363636363636
0.3934343434343434
0.665
0.5123595505617977
0.5022988505747127
0.5994047619047619
0.6012658227848101
0.6045454545454545
0.57
0.4060483870967742
0.5854651162790697
0.5560975609756098
0.7016339869281045
0.6333333333333333
0.5504672897196262
0.5654761904761905
0.5605
0.5880952380952381
0.7037037037037037
0.560952380952381
0.601980198019802
0.5777027027027027
0.3917525773195876
0.54625
0.646311475409836
0.46954022988505745
0.521978021978022
0.6477272727272727
0.5922077922077922
0.4930379746835443
0.44107142857142856
0.5965116279069768
0.5505681818181818
0.600735294117647
0.4543478260869565
0.5350574712643679
0.5493975903614458
0.6142241379310345
0.654245283018868
0.6992
0.510625
0.4096330275229358
0.629375
0.5411392405063291
0.5428571428571428
0.5415
0.562962962962963
0.5665137614678899
0.4852517985611511
0.6069444444444444
0.6333333333333333
0.6162162162162163
0.5252941176470588
0.3360544217687075
0.5588235294117647
0.510752688172043
0.5337078651685393
0.5920289855072464
0.5798701298701299
0.6359504132231405
0.5191860465116279
0.531547619047619
0.46941176470588236
0.4222222222222222
0.5798701298701299
0.5744186046511628
0.5252941176470588
0.6202479338842976
0.5305194805194805
0.6012658227848101
0.57
0.564622641509434
0.5263513513513514
0.59375
0.5022988505747127
0.575
0.4586206896551724
0.4453125
0.7544117647058823
0.41936936936936936
0.6297752808988764
0.4910112359550562
0.5089285714285714
0.4697802197802198
0.5350574712643679
0.47
0.59375
0.5625
0.5389423076923077
0.6045454545454545
0.5885869565217391
0.629054054054054
0.653125
0.59375
0.6211538461538462
0.649367088607595
0.5445121951219513
0.6084269662921349
0.6175
0.6005747126436781
0.5720430107526882
0.6129032258064516
0.6333333333333333
0.6227777777777778
0.7408256880733946
0.6231182795698925
0.40714285714285714
0.568041237113402
0.6469827586206897
0.5289772727272727
0.628099173553719
0.5724358974358974
0.6253164556962025
0.5225
0.6061904761904762
0.437
0.5525510204081633
0.57
0.665
0.6662337662337663
0.5772151898734177
0.582258064516129
0.5651898734177215
0.6296511627906977
0.6773148148148148
0.5541666666666667
0.6296511627906977
0.47029702970297027
0.578735632183908
0.5837349397590361
0.7222602739726027
0.5678160919540229
0.6033783783783784
0.5967948717948718
0.5189075630252101
0.5911111111111111
0.696039603960396
0.5829545454545455
0.6211538461538462
0.5595890410958904
0.558125
0.45
0.41386138613861384
0.6463917525773196
0.4481132075471698
0.6263736263736264
0.5029411764705882
0.6087378640776699
0.5311827956989247
0.4440217391304348
0.6012658227848101
0.48348214285714286
0.5358974358974359
0.5428571428571428
0.5568965517241379
0.589240506329114
0.4583333333333333
0.572289156626506
0.5459770114942529
0.52
0.4360655737704918
0.6772277227722773
0.560843373493976
0.6125
0.5573333333333333
0.6116438356164383
0.4803370786516854
0.5338842975206611
0.5541666666666667
0.5965116279069768
0.43349514563106795
0.5995145631067961
0.6608695652173913
0.59375
0.5588235294117647
0.5230337078651686
0.6402173913043478
0.54
0.5926605504587156
0.5864197530864198
0.4888349514563107
0.6092391304347826
0.7061946902654868
0.6066265060240964
0.5438931297709924
0.6673553719008265
0.46192660550458714
0.4863095238095238
0.5173708920187794
0.5777027027027027
0.4956521739130435
0.532
0.5412790697674419
0.6785714285714286
0.57
0.5746913580246914
0.5551948051948052
0.4439252336448598
0.6
0.40860215053763443
0.43846153846153846
0.686923076923077
0.605625
0.5875
0.4058252427184466
0.5772151898734177
0.5805555555555556
0.5673611111111111
0.5746913580246914
0.5428571428571428
0.6162162162162163
0.525
0.532
0.5413978494623656
0.5230337078651686
0.5560975609756098
0.5994047619047619
0.6517441860465116
0.5949494949494949
0.5826666666666667
0.4593406593406593
0.5213414634146342
0.5443820224719101
0.6831460674157304
0.6114942528735632
0.6599236641221374
0.5971428571428572
0.6416666666666667
0.6414529914529915
0.5974226804123711
0.6495726495726496
0.4444954128440367
0.608
0.6125
0.5923529411764706
0.5576086956521739
0.5213414634146342
0.673931623931624
0.501685393258427
0.4698924731182796
0.5428571428571428
0.5505681818181818
0.4275
0.4582352941176471
0.6301020408163265
0.5965116279069768
0.5145833333333333
0.6361607142857143
0.6455128205128206
0.5507246376811594
0.5311827956989247
0.59375
0.586764705882353
0.5531645569620253
0.7238095238095238
0.6333333333333333
0.6333333333333333
0.5573333333333333
0.6567901234567901
0.59375
0.521978021978022
0.6301980198019802
0.5717592592592593
0.572289156626506
0.531547619047619
0.6333333333333333
0.5744186046511628
0.5531645569620253
0.6069444444444444
0.6811320754716981
0.4519417475728155
0.6369318181818182
0.575
0.6024390243902439
0.6639784946236559
0.7298013245033113
0.48058823529411765
0.6591836734693878
0.5474576271186441
0.5551948051948052
0.5905405405405405
0.6298913043478261
0.5922077922077922
0.43846153846153846
0.6184563758389262
0.4947916666666667
0.510752688172043
0.6107142857142858
0.42786259541984734
0.5573333333333333
0.5908536585365853
0.3816239316239316
0.6054945054945055
0.6125
0.475
0.31867088607594934
0.521978021978022
0.6045454545454545
0.6537634408602151
0.5531645569620253
0.46
0.5181818181818182
0.6178861788617886
0.5428571428571428
0.5923529411764706
0.5428571428571428
0.5625
0.5476470588235294
0.5777027027027027
0.4577272727272727
0.5428571428571428
0.4697802197802198
0.5922077922077922
0.49227272727272725
0.7101010101010101
0.5676829268292682
0.4636904761904762
0.5923529411764706
0.5663461538461538
0.6098765432098765
0.501685393258427
0.5675324675324676
0.5602564102564103
0.4976190476190476
0.59375
0.5443820224719101
0.378515625
0.611304347826087
0.44333333333333336
0.5525510204081633
0.5913265306122449
0.5864197530864198
0.6505434782608696
0.529113924050633
0.4414141414141414
0.6881889763779527
0.5493975903614458
0.6583333333333333
0.4642045454545455
0.5922077922077922
0.6207920792079208
0.5302325581395348
0.6263736263736264
0.5981481481481481
0.562962962962963
0.5053191489361702
0.49709302325581395
0.5022988505747127
0.6673553719008265
0.57
0.5551948051948052
0.4505154639175258
0.49216867469879516
0.7037037037037037
0.6516528925619834
0.6045454545454545
0.7916666666666666
0.562962962962963
0.57
0.4845
0.578735632183908
0.5922077922077922
0.6975524475524476
0.5383333333333333
0.798
0.6672619047619047
0.5994047619047619
0.39369369369369367
0.5676829268292682
0.49
0.5805555555555556
0.6430769230769231
0.5
0.7388888888888889
0.59375
0.6521186440677966
0.5541666666666667
0.4593406593406593
0.6371951219512195
0.5880952380952381
0.5190721649484537
0.43782608695652175
0.5837349397590361
0.5896551724137931
0.6507874015748032
0.5967948717948718
0.55
0.575
0.5622448979591836
0.5170886075949367
0.7316770186335404
0.48
0.6012658227848101
0.6627906976744186
0.6623853211009174
0.5602564102564103
0.49875
0.5145833333333333
0.6333333333333333
0.6072164948453608
0.5759842519685039
0.558125
0.5875
0.602112676056338
0.625
0.5308823529411765
0.5864197530864198
0.5277777777777778
0.600735294117647
0.7089552238805971
0.5962765957446808
0.6107142857142858
0.5734234234234235
0.5005376344086021
0.6392523364485981
0.5746913580246914
0.5880952380952381
0.5903571428571428
0.6154929577464788
0.6084269662921349
0.7241803278688524
0.6122222222222222
0.5163043478260869
0.560843373493976
0.6612745098039216
0.5782608695652174
0.41442953020134227
0.6186046511627907
0.4801075268817204
0.3554421768707483
0.5459770114942529
0.5724358974358974
0.589240506329114
0.5255319148936171
0.581875
0.5397727272727273
0.6122222222222222
0.5476470588235294
0.6925806451612904
0.5986301369863014
0.5267326732673268
0.6147058823529412
0.452803738317757
0.5633720930232559
0.5846153846153846
0.415625
0.5805555555555556
0.5671641791044776
0.5550561797752809
0.6107142857142858
0.5512345679012346
0.5350574712643679
0.5764044943820225
0.6087378640776699
0.5302325581395348
0.5573333333333333
0.689010989010989
0.5209677419354839
0.5476470588235294
0.5837349397590361
0.7388888888888889
0.5459770114942529
0.6028846153846154
0.5967948717948718
0.6092391304347826
0.5488888888888889
0.4552083333333333
0.475
0.5726027397260274
0.6570093457943925
0.5364705882352941
0.47989690721649486
0.5081395348837209
0.5673611111111111
0.5523255813953488
0.5876288659793815
0.6258823529411764
0.4596774193548387
0.6211538461538462
0.6224137931034482
0.57
0.5531645569620253
0.654245283018868
0.5805555555555556
0.57
0.6608695652173913
0.5846153846153846
0.5880952380952381
0.6567901234567901
0.5846153846153846
0.6566176470588235
0.5395061728395062
0.36653543307086617
0.5181818181818182
0.6622406639004149
0.47010309278350515
0.49495798319327733
0.49227272727272725
0.48532608695652174
0.5767857142857142
0.6333333333333333
0.4660377358490566
0.5476470588235294
0.5311827956989247
0.46530612244897956
0.6116438356164383
0.57
0.6201388888888889
0.5854651162790697
0.57
0.6016666666666667
0.5356382978723404
0.5411392405063291
0.6333333333333333
0.6129032258064516
0.6494897959183673
0.4956521739130435
0.6089743589743589
0.6116438356164383
0.6
0.6092391304347826
0.5181818181818182
0.6211538461538462
0.59375
0.5675324675324676
0.6195652173913043
0.6848837209302325
0.6183962264150943
0.55
0.5606557377049181
0.3886363636363636
0.6856521739130435
0.57
0.6432291666666666
0.6035294117647059
0.4795238095238095
0.5967948717948718
0.5678160919540229
0.4570754716981132
0.5428571428571428
0.4589887640449438
0.6508287292817679
0.46
0.5675324675324676
0.6333333333333333
0.6053921568627451
0.39915966386554624
0.4696629213483146
0.5369565217391304
0.5678160919540229
0.5
0.5908536585365853
0.5908536585365853
0.520673076923077
0.7450980392156863
0.5213414634146342
0.4956521739130435
0.6182539682539683
0.6188073394495412
0.5772151898734177
0.6517441860465116
0.6180722891566265
0.6211538461538462
0.6201388888888889
0.582258064516129
0.5092783505154639
0.61
0.7528301886792453
0.6477272727272727
0.5594444444444444
0.5277777777777778
0.5022988505747127
0.521978021978022
0.6036458333333333
0.5445121951219513
0.5772151898734177
0.4803370786516854
0.5805555555555556
0.5289772727272727
0.6522388059701493
0.5277777777777778
0.597682119205298
0.3188356164383562
0.5746913580246914
0.589240506329114
0.5792682926829268
0.6421296296296296
0.5160493827160494
0.525
0.5541666666666667
0.5560975609756098
0.6371951219512195
0.57
0.5732758620689655
0.560843373493976
0.625609756097561
0.5337078651685393
0.6688775510204081
0.529113924050633
0.5864197530864198
0.581875
0.578735632183908
0.6484126984126984
0.5870786516853933
0.531547619047619
0.625968992248062
0.6180722891566265
0.6691304347826087
0.7238095238095238
0.5311827956989247
0.57
0.4855555555555556
0.5595890410958904
0.44946236559139785
0.5476470588235294
0.7388888888888889
0.5678160919540229
0.5534782608695652
0.6370588235294118
0.4085
0.6376712328767123
0.6
0.475
0.65
0.6076576576576577
0.5531645569620253
0.6234375
0.5605
0.5089285714285714
0.6057971014492753
0.4151260504201681
0.5776
0.40091743119266054
0.7204697986577181
0.7388888888888889
0.5724358974358974
0.510752688172043
0.5588235294117647
0.6893805309734513
0.5160493827160494
0.5181818181818182
0.3402985074626866
0.6825242718446602
0.7414634146341463
0.5962765957446808
0.6116438356164383
0.49032258064516127
0.6451492537313432
0.5798701298701299
0.5531645569620253
0.49817073170731707
0.5923529411764706
0.589240506329114
0.6175
0.7581730769230769
0.475
0.6962328767123288
0.3020231213872832
0.5837349397590361
0.6129032258064516
0.5981481481481481
0.7399038461538462
0.5746913580246914
0.6333333333333333
0.6381679389312978
0.531547619047619
0.5962765957446808
0.6258823529411764
0.65
0.6360169491525424
0.475
0.7
0.42446808510638295
0.7350364963503649
0.51
0.627
0.475
0.6597222222222222
0.5022988505747127
0.6455128205128206
0.6072164948453608
0.5541666666666667
0.6375
0.6705882352941176
0.5777027027027027
0.5493975903614458
0.5311827956989247
0.5678160919540229
0.5541666666666667
0.69
0.589240506329114
0.4947916666666667
0.605625
0.48579545454545453
0.5657303370786517
0.5675324675324676
0.5565656565656566
0.6376712328767123
0.4470588235294118
0.6162162162162163
0.6901709401709402
0.5493975903614458
0.5721590909090909
0.42326732673267325
0.7612582781456954
0.6154929577464788
0.6909090909090909
0.5066666666666667
0.6107142857142858
0.772258064516129
0.5395061728395062
0.5633720930232559
0.6206666666666667
0.5403669724770642
0.5490825688073394
0.6985294117647058
0.6216049382716049
0.5922077922077922
0.6771276595744681
0.6094339622641509
0.5856164383561644
0.6205645161290323
0.7286931818181818
0.7343558282208589
0.5181818181818182
0.6075581395348837
0.560843373493976
0.36745283018867925
0.602112676056338
0.4490909090909091
0.35330578512396693
0.6477272727272727
0.6005747126436781
0.46216216216216216
0.7313492063492063
0.608
0.5395061728395062
0.7165254237288136
0.7212962962962963
0.6107142857142858
0.5349514563106796
0.6005747126436781
0.33983739837398375
0.4697802197802198
0.5911111111111111
0.6873983739837398
0.5673611111111111
0.57
0.5141176470588236
0.5356382978723404
0.5277777777777778
0.5123595505617977
0.5560975609756098
0.6365
0.560843373493976
0.5089285714285714
0.7251908396946565
0.4961111111111111
0.6854430379746835
0.5277777777777778
0.6180722891566265
0.4702020202020202
0.5967948717948718
0.57
0.572289156626506
0.5493975903614458
0.5651898734177215
0.6551724137931034
0.46238938053097345
0.5324175824175824
0.4905737704918033
0.5565656565656566
0.6098765432098765
0.48021978021978023
0.5181818181818182
0.6392523364485981
0.6016666666666667
0.43782608695652175
0.5551948051948052
0.4519417475728155
0.5035
0.5150602409638554
0.4863095238095238
0.5741758241758241
0.5159482758620689
0.5651898734177215
0.5252941176470588
0.5551948051948052
0.46954022988505745
0.6365979381443299
0.5902912621359223
0.5981481481481481
0.6375
0.6603658536585366
0.7351758793969849
0.48021978021978023
0.562962962962963
0.6012658227848101
0.4696629213483146
0.55
0.475
0.6180722891566265
0.5905405405405405
0.4896907216494845
0.6107142857142858
0.44271844660194176
0.7057142857142857
0.6201388888888889
0.5277777777777778
0.6923728813559322
0.578735632183908
0.5835714285714285
0.6246575342465753
0.5202380952380953
0.625609756097561
0.6261363636363636
0.6179611650485437
0.5651898734177215
0.5856164383561644
0.6201388888888889
0.5637362637362637
0.5476470588235294
0.6238805970149254
0.6785714285714286
0.581875
0.5331632653061225
0.418
0.5428571428571428
0.3216535433070866
0.5753521126760563
0.5137755102040816
0.48717948717948717
0.589240506329114
0.5905405405405405
0.6283464566929133
0.6183962264150943
0.6717171717171717
0.3829457364341085
0.5412790697674419
0.59375
0.5181818181818182
0.5244791666666667
0.5375
0.532
0.4655
0.534375
0.5846153846153846
0.5981481481481481
0.6799019607843138
0.5805555555555556
0.5792682926829268
0.4582352941176471
0.6566176470588235
0.5172222222222222
0.54625
0.6487804878048781
0.49137931034482757
0.5896551724137931
0.49709302325581395
0.6895161290322581
0.5350574712643679
0.560843373493976
0.451010101010101
0.7419708029197081
0.6442528735632184
0.39017857142857143
0.5516129032258065
0.5101851851851852
0.5837349397590361
0.6672619047619047
0.6809734513274336
0.4790598290598291
0.5022988505747127
0.6140243902439024
0.5971428571428572
0.6012658227848101
0.5150602409638554
0.5795
0.653125
0.6175
0.5971428571428572
0.5358974358974359
0.5428571428571428
0.5457446808510639
0.629054054054054
0.4110576923076923
0.43267326732673267
0.6116438356164383
0.57
0.586764705882353
0.5720430107526882
0.6660919540229885
0.6076576576576577
0.6162162162162163
0.5573333333333333
0.4538888888888889
0.6333333333333333
0.6186046511627907
0.49935897435897436
0.6415584415584416
0.572289156626506
0.5678160919540229
0.6234375
0.6066265060240964
0.46395348837209305
0.5364705882352941
0.5880952380952381
0.6785714285714286
0.6220238095238095
0.5582474226804124
0.5308823529411765
0.6785714285714286
0.4261029411764706
0.5679347826086957
0.5651898734177215
0.5375968992248062
0.6298913043478261
0.5613636363636364
0.6075581395348837
0.6089743589743589
0.47010309278350515
0.6442528735632184
0.3471153846153846
0.5798701298701299
0.5985
0.6801136363636363
0.5150602409638554
0.5985
0.5541666666666667
0.5650862068965518
0.49709302325581395
0.6089743589743589
0.5373737373737374
0.5922077922077922
0.5446666666666666
0.6875
0.5837349397590361
0.7354838709677419
0.5551948051948052
0.5455445544554456
0.6116438356164383
0.5981481481481481
0.6820512820512821
0.5661616161616162
0.5959090909090909
0.560843373493976
0.4893939393939394
0.5772151898734177
0.46444444444444444
0.5861702127659575
0.6216049382716049
0.5595890410958904
0.5302325581395348
0.46192660550458714
0.5654761904761905
0.5415
0.5267326732673268
0.6035294117647059
0.5412790697674419
0.4195833333333333
0.5782608695652174
0.5397727272727273
0.504320987654321
0.6275229357798165
0.6253164556962025
0.5085858585858586
0.45637254901960783
0.40091743119266054
0.605625
0.541588785046729
0.6066265060240964
0.5255319148936171
0.3931034482758621
0.5480769230769231
0.6435483870967742
0.6132911392405064
0.49176470588235294
0.5967948717948718
0.5805555555555556
0.4465
0.6424460431654676
0.5923529411764706
0.602112676056338
0.6125
0.57
0.6071428571428571
0.5619718309859155
0.5885869565217391
0.5476470588235294
0.3572
0.46282051282051284
0.6045454545454545
0.5994047619047619
0.5864197530864198
0.6220238095238095
0.475
0.5
0.665
0.6747663551401869
0.4547008547008547
0.5726027397260274
0.6038135593220338
0.7192857142857143
0.579047619047619
0.4698924731182796
0.5887323943661972
0.5036144578313253
0.6506849315068494
0.5588235294117647
0.363671875
0.6008547008547008
0.5573333333333333
0.5202380952380953
0.6246575342465753
0.5618279569892473
0.4523809523809524
0.6207920792079208
0.6201388888888889
0.5360714285714285
0.60859375
0.5792682926829268
0.6685185185185185
0.5948598130841122
0.5172222222222222
0.5268181818181819
0.5202380952380953
0.405982905982906
0.5675324675324676
0.5244791666666667
0.38
0.5551948051948052
0.6075581395348837
0.5625
0.5676829268292682
0.5792682926829268
0.5965116279069768
0.5721590909090909
0.49137931034482757
0.5805555555555556
0.6896296296296296
0.5115384615384615
0.5905405405405405
0.46510416666666665
0.5654761904761905
0.6797413793103448
0.5973484848484848
0.5302325581395348
0.6154929577464788
0.5772151898734177
0.5837349397590361
0.57
0.5605
0.5974226804123711
0.4636904761904762
0.5875
0.5792682926829268
0.5683760683760684
0.7209821428571429
0.6359504132231405
0.5827731092436975
0.7233944954128441
0.625609756097561
0.7011904761904761
0.525
0.5746913580246914
0.5523255813953488
0.7438679245283019
0.546969696969697
0.5225
0.643801652892562
0.5588235294117647
0.375
0.5764044943820225
0.629054054054054
0.572289156626506
0.5150602409638554
0.5266304347826087
0.5053191489361702
0.5792682926829268
0.5172222222222222
0.5531645569620253
0.5654761904761905
0.59375
0.5805555555555556
0.5541666666666667
0.5375
0.5092783505154639
0.4465
0.61
0.5337078651685393
0.5951807228915663
0.5225
0.6421296296296296
0.6333333333333333
0.5746913580246914
0.6690140845070423
0.5922077922077922
0.6801136363636363
0.5191860465116279
0.6033783783783784
0.597752808988764
0.6901709401709402
0.6
0.5967948717948718
0.6045454545454545
0.6371951219512195
0.5675324675324676
0.7375
0.55
0.3735042735042735
0.6279661016949153
0.5531645569620253
0.5036144578313253
0.596694214876033
0.6333333333333333
0.5059782608695652
0.49137931034482757
0.6368131868131868
0.5908536585365853
0.6690140845070423
0.5721590909090909
0.48579545454545453
0.4166666666666667
0.4470588235294118
0.5746913580246914
0.5648648648648649
0.5369565217391304
0.521978021978022
0.5202380952380953
0.5986301369863014
0.59375
0.452803738317757
0.6955357142857143
0.57
0.5241379310344828
0.5465753424657535
0.7242574257425742
0.6175
0.69765625
0.6566176470588235
0.5267326732673268
0.7381756756756757
0.6487804878048781
0.5369565217391304
0.5901515151515152
0.5397727272727273
0.34545454545454546
0.6045454545454545
0.48579545454545453
0.3073529411764706
0.5846153846153846
0.6678217821782179
0.36801801801801803
0.5602564102564103
0.6171532846715329
0.6216049382716049
0.4025423728813559
0.3273648648648649
0.43018867924528303
0.5564285714285714
0.5864197530864198
0.5726027397260274
0.3971311475409836
0.541588785046729
0.5480769230769231
0.6087378640776699
0.5488888888888889
0.42945205479452053
0.5202380952380953
0.6098765432098765
0.5141176470588236
0.4519417475728155
0.5311023622047244
0.6691304347826087
0.5965116279069768
0.6494897959183673
0.6180722891566265
0.57
0.5673611111111111
0.6738372093023256
0.7177777777777777
0.6951219512195121
0.475
0.5225
0.6570093457943925
0.6045454545454545
0.5978448275862069
0.5472826086956522
0.7245762711864406
0.6246575342465753
0.6772277227722773
0.5541666666666667
0.5457446808510639
0.5541666666666667
0.6152380952380953
0.5005376344086021
0.546969696969697
0.5673611111111111
0.5181818181818182
0.5967948717948718
0.6690140845070423
0.6556338028169014
0.44608695652173913
0.4290322580645161
0.6132911392405064
0.5383333333333333
0.6066265060240964
0.5411392405063291
0.5573333333333333
0.6741935483870968
0.5507246376811594
0.5411392405063291
0.608
0.605241935483871
0.6487804878048781
0.6597222222222222
0.5115384615384615
0.5846153846153846
0.5648648648648649
0.5252941176470588
0.6561151079136691
0.5826666666666667
0.39786324786324784
0.5826666666666667
0.6785714285714286
0.6333333333333333
0.46636363636363637
0.5613636363636364
0.5718446601941748
0.6054945054945055
0.558125
0.5411392405063291
0.5277777777777778
0.6872340425531915
0.3619047619047619
0.35714285714285715
0.529113924050633
0.6303738317757009
0.5920289855072464
0.5648648648648649
0.5289772727272727
0.6164893617021276
0.5967948717948718
0.6333333333333333
0.6446428571428572
0.5767857142857142
0.5550561797752809
0.6361607142857143
0.46954022988505745
0.5726027397260274
0.4166666666666667
0.6140243902439024
0.57
0.602112676056338
0.5724358974358974
0.684322033898305
0.5160493827160494
0.5632743362831858
0.5356382978723404
0.6
0.5010989010989011
0.6373417721518987
0.5364705882352941
0.5213414634146342
0.5141176470588236
0.6275229357798165
0.4552083333333333
0.581875
0.5305194805194805
0.5880952380952381
0.5675324675324676
0.4310185185185185
0.5885869565217391
0.5050632911392405
0.6107142857142858
0.5397727272727273
0.5905405405405405
0.6333333333333333
0.589240506329114
0.6576923076923077
0.5364705882352941
0.5947154471544716
0.59375
0.6261363636363636
0.5875
0.5986301369863014
0.49709302325581395
0.6301020408163265
0.5428571428571428
0.5752293577981651
0.5595890410958904
0.54625
0.5457446808510639
0.5397727272727273
0.764453125
0.510625
0.5266304347826087
0.5854651162790697
0.59375
0.5141176470588236
0.5920289855072464
0.6175
0.572289156626506
0.5805555555555556
0.578735632183908
0.5962765957446808
0.4440217391304348
0.42336956521739133
0.5170886075949367
0.4952127659574468
0.629054054054054
0.43369565217391304
0.6
0.6547297297297298
0.5265060240963856
0.5835714285714285
0.475
0.625
0.4614285714285714
0.6638554216867469
0.4961111111111111
0.6711956521739131
0.40980392156862744
0.40491803278688526
0.6154929577464788
0.6333333333333333
0.5480769230769231
0.5967948717948718
0.5141176470588236
0.510752688172043
0.5792682926829268
0.552027027027027
0.5324175824175824
0.5160493827160494
0.5428571428571428
0.425
0.562962962962963
0.6125
0.5356382978723404
0.5767857142857142
0.6098765432098765
0.6186046511627907
0.6432291666666666
0.5764044943820225
0.4658653846153846
0.5588235294117647
0.5675324675324676
0.602112676056338
0.7635514018691589
0.6191011235955056
0.5724358974358974
0.6438888888888888
0.65
0.6875
0.4523809523809524
0.4490909090909091
0.5446666666666666
0.6522388059701493
0.4552083333333333
0.5059782608695652
0.475
0.625609756097561
0.36323529411764705
0.7275316455696202
0.6820512820512821
0.7057142857142857
0.5792682926829268
0.5724358974358974
0.5625
0.46467391304347827
0.5329268292682927
0.5665137614678899
0.6116438356164383
0.59375
0.5010989010989011
0.5856164383561644
0.5445121951219513
0.6138461538461538
0.45637254901960783
0.6748275862068965
0.6069444444444444
0.57
0.6054945054945055
0.5445121951219513
0.608
0.5602564102564103
0.5726027397260274
0.5880952380952381
0.600735294117647
0.5633720930232559
0.5081395348837209
0.558125
0.6258823529411764
0.5551948051948052
0.5493975903614458
0.4851063829787234
0.595054945054945
0.59375
0.6175
0.5744186046511628
0.5191860465116279
0.6180722891566265
0.581875
0.4936274509803922
0.44557522123893806
0.5523255813953488
0.5531645569620253
0.72803738317757
0.5846153846153846
0.5541666666666667
0.7952488687782805
0.7105042016806723
0.6170940170940171
0.5746913580246914
0.5886752136752137
0.4589887640449438
0.46467391304347827
0.6045454545454545
0.5648648648648649
0.6538961038961039
0.6142241379310345
0.5798701298701299
0.6302884615384615
0.5428571428571428
0.7028455284552846
0.5420245398773006
0.4260606060606061
0.5905405405405405
0.54
0.36900826446280993
0.59375
0.5732758620689655
0.6170103092783505
0.48532608695652174
0.5081395348837209
0.5920289855072464
0.57
0.415625
0.5073863636363637
0.7528301886792453
0.4936274509803922
0.5971428571428572
0.3980952380952381
0.6227777777777778
0.6147058823529412
0.55
0.4636904761904762
0.4696629213483146
0.38537735849056604
0.423109243697479
0.5480769230769231
0.4204918032786885
0.5066666666666667
0.5541666666666667
0.6307377049180328
0.562962962962963
0.5172222222222222
0.47989690721649486
0.5081395348837209
0.6045454545454545
0.46030927835051544
0.5523255813953488
0.6125
0.44946236559139785
0.5875
0.67015503875969
0.35625
0.6438888888888888
0.5846153846153846
0.5777027027027027
0.504424778761062
0.629054054054054
0.5428571428571428
0.5986301369863014
0.6132911392405064
0.541588785046729
0.5880952380952381
0.5428571428571428
0.59375
0.5531645569620253
0.5675324675324676
0.7067073170731707
0.5911111111111111
0.5986301369863014
0.6107142857142858
0.5798701298701299
0.4846938775510204
0.6731788079470199
0.600735294117647
0.5333333333333333
0.572289156626506
0.7240540540540541
0.5922077922077922
0.5375
0.4947916666666667
0.6262962962962964
0.521978021978022
0.57
0.6077205882352941
0.5089285714285714
0.6132911392405064
0.5531645569620253
0.6114942528735632
0.475
0.31666666666666665
0.6636029411764706
0.5531645569620253
0.625609756097561
0.629375
0.6116438356164383
0.6204081632653061
0.5379518072289157
0.5908536585365853
0.5225
0.6711956521739131
0.5443820224719101
0.6125
0.5428571428571428
0.41386138613861384
0.40572916666666664
0.613716814159292
0.6147058823529412
0.589240506329114
0.7196969696969697
0.5602564102564103
0.5905405405405405
0.4222222222222222
0.57
0.5798701298701299
0.5746913580246914
0.63828125
0.5428571428571428
0.5846153846153846
0.504320987654321
0.4290322580645161
0.36795774647887325
0.5798701298701299
0.5905405405405405
0.6232
0.49032258064516127
0.5732758620689655
0.6132911392405064
0.5472826086956522
0.5676829268292682
0.5644927536231884
0.5005376344086021
0.5512345679012346
0.7021739130434783
0.534375
0.33174603174603173
0.5994047619047619
0.5364705882352941
0.6089743589743589
0.6705882352941176
0.6033783783783784
0.375
0.5602564102564103
0.5252941176470588
0.5967948717948718
0.5428571428571428
0.562962962962963
0.5646853146853147
0.6404494382022472
0.6514285714285715
0.5880952380952381
0.6524096385542169
0.5266304347826087
0.532
0.46941176470588236
0.8283536585365854
0.6114942528735632
0.5767857142857142
0.5767857142857142
0.5625
0.615934065934066
0.653125
0.558125
0.5361386138613862
0.5588235294117647
0.5905405405405405
0.5244791666666667
0.6705882352941176
0.44759615384615387
0.5073863636363637
0.665
0.5356382978723404
0.5654761904761905
0.578735632183908
0.6069444444444444
0.3836538461538462
0.49709302325581395
0.6711009174311927
0.581875
0.562962962962963
0.5163043478260869
0.6112403100775193
0.6125
0.5908536585365853
0.6206666666666667
0.5926605504587156
0.6503846153846153
0.4961111111111111
0.5908536585365853
0.6253164556962025
0.7680851063829788
0.5726027397260274
0.57
0.552027027027027
0.46395348837209305
0.5036144578313253
0.6485576923076923
0.58
0.605625
0.5971428571428572
0.7676767676767676
0.6376712328767123
0.529113924050633
0.6045454545454545
0.6477272727272727
0.6930327868852459
0.501685393258427
0.5739583333333333
0.49709302325581395
0.6804054054054054
0.3931034482758621
0.4698924731182796
0.5036144578313253
0.5541666666666667
0.5792682926829268
0.6333333333333333
0.5955223880597015
0.5029411764705882
0.46444444444444444
0.36150442477876105
0.625609756097561
0.5193333333333333
0.5150602409638554
0.4803370786516854
0.49176470588235294
0.475
0.5905405405405405
0.6164893617021276
0.5654761904761905
0.57
0.42718120805369125
0.6850961538461539
0.6387931034482759
0.5651898734177215
0.6468085106382979
0.7026041666666667
0.6566176470588235
0.5237179487179487
0.5443820224719101
0.4965909090909091
0.5531645569620253
0.5974226804123711
0.44107142857142856
0.6116438356164383
0.5061475409836066
0.5241379310344828
0.605625
0.5753521126760563
0.6180722891566265
0.7622754491017965
0.671031746031746
0.6804054054054054
0.5089285714285714
0.581875
0.578735632183908
0.6069444444444444
0.5613636363636364
0.5618279569892473
0.5951807228915663
0.42336956521739133
0.6375
0.6054945054945055
0.5880952380952381
0.6370588235294118
0.5413978494623656
0.55
0.5651898734177215
0.5050632911392405
0.5541666666666667
0.5412790697674419
0.5846153846153846
0.6227777777777778
0.5875
0.560843373493976
0.5109243697478991
0.5908536585365853
0.55
0.43577981651376146
0.5602564102564103
0.6432291666666666
0.6547297297297298
0.6164893617021276
0.6371951219512195
0.5395061728395062
0.475
0.6429292929292929
0.6553797468354431
0.5962765957446808
0.5476470588235294
0.525
0.529113924050633
0.6420689655172414
0.48761061946902656
0.4905737704918033
0.3553435114503817
0.49709302325581395
0.6923728813559322
0.6122222222222222
0.5529850746268656
0.6641592920353983
0.6246575342465753
0.6147058823529412
0.46060606060606063
0.7354838709677419
0.4616822429906542
0.6186046511627907
0.49216867469879516
0.5531645569620253
0.552027027027027
0.46116504854368934
0.6660919540229885
0.748125
0.597752808988764
0.6107142857142858
0.5654761904761905
0.5512345679012346
0.5746913580246914
0.560843373493976
0.5541666666666667
0.4270642201834862
0.5744186046511628
0.399
0.6253164556962025
0.6711956521739131
0.560843373493976
0.6195652173913043
0.41304347826086957
0.4658653846153846
0.5637362637362637
0.48363636363636364
0.5826666666666667
0.57
0.5831683168316831
0.5746913580246914
0.5213414634146342
0.4980582524271845
0.572289156626506
0.5480769230769231
0.5013888888888889
0.6122222222222222
0.6191964285714285
0.6101626016260162
0.68875
0.5594444444444444
0.6258823529411764
0.5409722222222222
0.5915094339622642
0.6455128205128206
0.6008547008547008
0.6773913043478261
0.41304347826086957
0.5588235294117647
0.62
0.6333333333333333
0.5588235294117647
0.43846153846153846
0.6979591836734694
0.4284313725490196
0.6770114942528735
0.705078125
0.5876288659793815
0.562962962962963
0.5358974358974359
0.6221238938053097
0.6
0.595054945054945
0.5568965517241379
0.47989690721649486
0.5767857142857142
0.4414141414141414
0.7048387096774194
0.5777027027027027
0.5953333333333334
0.6220238095238095
0.6024390243902439
0.665
0.5854651162790697
0.510752688172043
0.629054054054054
0.6369318181818182
0.5911111111111111
0.5846153846153846
0.364018691588785
0.5412790697674419
0.5875
0.5721590909090909
0.59375
0.5523255813953488
0.59
0.47989690721649486
0.4791304347826087
0.629054054054054
0.5397727272727273
0.5
0.7137566137566138
0.3986607142857143
0.6634920634920635
0.40826446280991735
0.7096385542168675
0.6333333333333333
0.6729166666666667
0.36598360655737705
0.5455445544554456
0.41834862385321103
0.37445255474452555
0.5029411764705882
0.5132183908045977
0.56
0.6089743589743589
0.57
0.5659574468085107
0.5428571428571428
0.6538961038961039
0.66875
0.3786231884057971
0.4242718446601942
0.6242857142857143
0.5875
0.6116438356164383
0.5994047619047619
0.5230337078651686
0.7443298969072165
0.4596774193548387
0.639090909090909
0.5746913580246914
0.581875
0.6815217391304348
0.5457446808510639
0.4705607476635514
0.625
0.581875
0.39652173913043476
0.5951807228915663
0.6261363636363636
0.5480769230769231
0.5512345679012346
0.5401960784313725
0.6282258064516129
0.5724358974358974
0.6304545454545455
0.5981481481481481
0.554950495049505
0.5568965517241379
0.5379518072289157
0.4033018867924528
0.4936274509803922
0.4841346153846154
0.684322033898305
0.4146825396825397
0.6811320754716981
0.5717592592592593
0.5772151898734177
0.6211538461538462
0.627
0.47131782945736433
0.5551948051948052
0.36272727272727273
0.5558510638297872
0.6069444444444444
0.6132911392405064
0.41410256410256413
0.7105042016806723
0.5905405405405405
0.5005376344086021
0.4586206896551724
0.5358974358974359
0.5395061728395062
0.6016666666666667
0.7651351351351351
0.48579545454545453
0.6442528735632184
0.5267326732673268
0.5918032786885246
0.510625
0.6672619047619047
0.5005376344086021
0.5092783505154639
0.4961111111111111
0.5066666666666667
0.5923529411764706
0.6946236559139785
0.578735632183908
0.5302325581395348
0.613716814159292
0.4570754716981132
0.5531645569620253
0.558125
0.5887323943661972
0.5826666666666667
0.5875
0.6168831168831169
0.7196969696969697
0.5241379310344828
0.5560975609756098
0.6333333333333333
0.523469387755102
0.4350467289719626
0.5465753424657535
0.6195652173913043
0.4586206896551724
0.6168831168831169
0.6095833333333334
0.6658119658119658
0.6623853211009174
0.7067073170731707
0.7727611940298508
0.5824817518248175
0.6433070866141732
0.531547619047619
0.5654761904761905
0.6627906976744186
0.5678160919540229
0.5490825688073394
0.510625
0.38
0.5145833333333333
0.5237179487179487
0.49935897435897436
0.36064814814814816
0.5391891891891892
0.6097014925373134
0.6618852459016393
0.5464601769911505
0.5141176470588236
0.5480769230769231
0.49032258064516127
0.5142201834862385
0.5915094339622642
0.6012658227848101
0.5953333333333334
0.5311023622047244
0.5311827956989247
0.6505434782608696
0.4438524590163934
0.5792682926829268
0.5190721649484537
0.49709302325581395
0.572289156626506
0.7779527559055118
0.5531645569620253
0.36801801801801803
0.5652892561983471
0.6012658227848101
0.7358381502890173
0.6567901234567901
0.57
0.6396039603960396
0.5826666666666667
0.625
0.54625
0.5237179487179487
0.6465277777777778
0.6229508196721312
0.6415584415584416
0.5137755102040816
0.6691304347826087
0.4261682242990654
0.41
0.4803370786516854
0.6206666666666667
0.6660919540229885
0.562962962962963
0.5476470588235294
0.37222222222222223
0.5132183908045977
0.4696629213483146
0.5419463087248322
0.41454545454545455
0.501685393258427
0.6066265060240964
0.5252941176470588
0.6714285714285714
0.6333333333333333
0.5446666666666666
0.6012658227848101
0.6705882352941176
0.7026041666666667
0.6016666666666667
0.6107142857142858
0.4059090909090909
0.5532967032967033
0.6761261261261261
0.5457446808510639
0.6302884615384615
0.5625
0.575
0.5257281553398059
0.31946902654867254
0.6246575342465753
0.48021978021978023
0.578735632183908
0.6
0.5572115384615385
0.59375
0.6132911392405064
0.6617977528089888
0.649367088607595
0.5504672897196262
0.57
0.5361386138613862
0.5625
0.5907051282051282
0.7145299145299145
0.42318181818181816
0.602112676056338
0.7669724770642202
0.5880952380952381
0.6211538461538462
0.5108490566037736
0.6333333333333333
0.521978021978022
0.5922077922077922
0.62
0.4570754716981132
0.608
0.5115384615384615
0.5560975609756098
0.5379518072289157
0.6154929577464788
0.5744186046511628
0.653125
0.5181818181818182
0.498989898989899
0.6035294117647059
0.4808641975308642
0.560843373493976
0.55
0.717156862745098
0.575
0.41081081081081083
0.5856164383561644
0.5619718309859155
0.5516129032258065
0.5066666666666667
0.6759615384615385
0.575
0.5594444444444444
0.5172222222222222
0.6125
0.5480769230769231
0.5029411764705882
0.6295180722891566
0.5774509803921568
0.5411392405063291
0.59375
0.5648648648648649
0.5746913580246914
0.4965909090909091
0.5412790697674419
0.5856164383561644
0.5911111111111111
0.6514285714285715
0.4855555555555556
0.5911111111111111
0.5657303370786517
0.558125
0.5965116279069768
0.5209677419354839
0.6759615384615385
0.59375
0.6246575342465753
0.36774193548387096
0.6116438356164383
0.6129032258064516
0.49065934065934064
0.6785714285714286
0.5622448979591836
0.4567307692307692
0.48857142857142855
0.546969696969697
0.4935064935064935
0.5772151898734177
0.5512345679012346
0.6107142857142858
0.5885869565217391
0.5373737373737374
0.475
0.6544444444444445
0.6738372093023256
0.5445121951219513
0.649367088607595
0.6180722891566265
0.5488888888888889
0.59375
0.5237179487179487
0.5170886075949367
0.6147058823529412
0.6333333333333333
0.6798165137614679
0.4910112359550562
0.55
0.5992307692307692
0.7542424242424243
0.5369565217391304
0.646
0.5453703703703704
0.475
0.46116504854368934
0.38263888888888886
0.6333333333333333
0.510625
0.5428571428571428
0.5358974358974359
0.475
0.6045454545454545
0.48489583333333336
0.36944444444444446
0.5170886075949367
0.5379518072289157
0.4134259259259259
0.5369565217391304
0.6201388888888889
0.558125
0.5675324675324676
0.57
0.5588235294117647
0.572289156626506
0.5995901639344262
0.5493975903614458
0.6333333333333333
0.5922077922077922
0.5994047619047619
0.5772151898734177
0.5767857142857142
0.5181818181818182
0.581875
0.6394230769230769
0.6154929577464788
0.5489949748743719
0.5826666666666667
0.6170103092783505
0.6191011235955056
0.6415584415584416
0.6298913043478261
0.437
0.5050632911392405
0.5965116279069768
0.5040816326530613
0.6369318181818182
0.5772151898734177
0.7173469387755103
0.6785714285714286
0.5445121951219513
0.6450617283950617
0.5864197530864198
0.6054945054945055
0.5081395348837209
0.4790598290598291
0.46116504854368934
0.5298076923076923
0.57
0.46030927835051544
0.5541666666666667
0.6566176470588235
0.403030303030303
0.5445121951219513
0.6012658227848101
0.501685393258427
0.3268
0.4976190476190476
0.595054945054945
0.5337078651685393
0.5880952380952381
0.5798701298701299
0.5097560975609756
0.6333333333333333
0.5488888888888889
0.5829545454545455
0.5369565217391304
0.608
0.7067073170731707
0.5875
0.4930379746835443
0.5560975609756098
0.6126168224299066
0.5331632653061225
0.575
0.6509259259259259
0.6107142857142858
0.5846153846153846
0.5141176470588236
0.49137931034482757
0.5266304347826087
0.5558510638297872
0.5252941176470588
0.6506849315068494
0.578735632183908
0.5141176470588236
0.5905405405405405
0.5826666666666667
0.2960144927536232
0.532
0.6268041237113402
0.5951807228915663
0.7
0.5986301369863014
0.5361386138613862
0.6724719101123595
0.6
0.37657657657657656
0.5953333333333334
0.5724358974358974
0.5675324675324676
0.7168181818181818
0.558125
0.560843373493976
0.6514285714285715
0.5383333333333333
0.5651898734177215
0.5846153846153846
0.5443820224719101
0.5953333333333334
0.6154929577464788
0.5846153846153846
0.6640776699029126
0.684
0.38283582089552237
0.655952380952381
0.7
0.4935064935064935
0.5811764705882353
0.4211340206185567
0.558125
0.5428571428571428
0.562962962962963
0.5896551724137931
0.4655
0.7330246913580247
0.4804597701149425
0.482421875
0.7617117117117117
0.55
0.6261363636363636
0.5644927536231884
0.5
0.5951807228915663
0.513
0.560843373493976
0.5480769230769231
0.4439252336448598
0.6097014925373134
0.5805555555555556
0.5202380952380953
0.6154929577464788
0.5679347826086957
0.54
0.6896296296296296
0.5445121951219513
0.54
0.5446666666666666
0.6876190476190476
0.6246575342465753
0.597752808988764
0.5965116279069768
0.665
0.6930327868852459
0.6333333333333333
0.3641666666666667
0.5364705882352941
0.5671641791044776
0.7582568807339449
0.5774509803921568
0.4863095238095238
0.5811764705882353
0.5375
0.5551948051948052
0.5446666666666666
0.5986301369863014
0.646
0.6618852459016393
0.498989898989899
0.5965116279069768
0.6125
0.6098765432098765
0.6333333333333333
0.6211538461538462
0.5411392405063291
0.6491666666666667
0.6005747126436781
0.5588235294117647
0.5277777777777778
0.6536697247706422
0.5413978494623656
0.562962962962963
0.6642857142857143
0.5413978494623656
0.5896551724137931
0.4956521739130435
0.6612
0.57
0.5472826086956522
0.5837349397590361
0.6729166666666667
0.6227777777777778
0.5053191489361702
0.5289772727272727
0.6005747126436781
0.5777027027027027
0.5753521126760563
0.6333333333333333
0.7
0.44504504504504505
0.625
0.5073863636363637
0.4976190476190476
0.5875
0.5792682926829268
0.5618279569892473
0.7546099290780142
0.5829545454545455
0.4586206896551724
0.4855555555555556
0.45290697674418606
0.5573333333333333
0.49065934065934064
0.5531645569620253
0.4552083333333333
0.5721590909090909
0.6949074074074074
0.6415584415584416
0.6375
0.46
0.7388888888888889
0.5150602409638554
0.5277777777777778
0.5202380952380953
0.6380597014925373
0.5137755102040816
0.6186046511627907
0.5951807228915663
0.5364705882352941
0.50625
0.5375
0.5986301369863014
0.4666666666666667
0.6738372093023256
0.5880952380952381
0.6333333333333333
0.6855670103092784
0.5651898734177215
0.5633720930232559
0.5816326530612245
0.6446428571428572
0.33413793103448275
0.4520161290322581
0.7031496062992126
0.6107142857142858
0.5911111111111111
0.3931034482758621
0.5911111111111111
0.5292857142857142
0.5908536585365853
0.6375
0.415625
0.5856164383561644
0.6246575342465753
0.5573333333333333
0.5350574712643679
0.6
0.5391891891891892
0.36853448275862066
0.5626213592233009
0.4567307692307692
0.5442708333333334
0.552027027027027
0.7625
0.6240196078431373
0.36485507246376814
0.65
0.5795
0.5092783505154639
0.5005376344086021
0.5951807228915663
0.6738372093023256
0.6201388888888889
0.6170103092783505
0.5613636363636364
0.5512345679012346
0.5289772727272727
0.6186046511627907
0.5350574712643679
0.646
0.5990990990990991
0.5856164383561644
0.597752808988764
0.5576086956521739
0.57
0.5480769230769231
0.5062043795620438
0.5123595505617977
0.4470588235294118
0.48857142857142855
0.608
0.5967948717948718
0.6045454545454545
0.4863095238095238
0.6333333333333333
0.5445121951219513
0.7150537634408602
0.47920353982300884
0.6012658227848101
0.697787610619469
0.39449152542372884
0.5523255813953488
0.5651898734177215
0.5413978494623656
0.46238938053097345
0.5854651162790697
0.6231182795698925
0.5678160919540229
0.6107142857142858
0.6084269662921349
0.572289156626506
0.6477272727272727
0.4137096774193548
0.5181818181818182
0.5560975609756098
0.6168831168831169
0.5920289855072464
0.6417553191489361
0.6053921568627451
0.6162162162162163
0.6125
0.6554263565891473
0.5846153846153846
0.48579545454545453
0.6594117647058824
0.5764957264957264
0.6275229357798165
0.6669191919191919
0.6191011235955056
0.579047619047619
0.653125
0.46192660550458714
0.48532608695652174
0.6535460992907801
0.5753521126760563
0.5490825688073394
0.643801652892562
0.6214953271028038
0.5885869565217391
0.5915094339622642
0.5777027027027027
0.6465277777777778
0.6698717948717948
0.5050632911392405
0.5040816326530613
0.4821969696969697
0.5135135135135135
0.5967948717948718
0.5856164383561644
0.4961111111111111
0.4486111111111111
0.6227777777777778
0.605625
0.5383333333333333
0.5905405405405405
0.5277777777777778
0.510625
0.5397727272727273
0.5805555555555556
0.5445121951219513
0.6333333333333333
0.6636986301369863
0.48579545454545453
0.5716814159292035
0.5350574712643679
0.5995145631067961
0.6450617283950617
0.4642045454545455
0.57
0.5265060240963856
0.6365979381443299
0.6154929577464788
0.4420792079207921
0.4698924731182796
0.510625
0.5266304347826087
0.5029411764705882
0.6463917525773196
0.6075581395348837
0.5401960784313725
0.6939130434782609
0.5375
0.45740740740740743
0.534375
0.6
0.6876865671641791
0.475
0.6946236559139785
0.5829545454545455
0.4837962962962963
0.5792682926829268
0.5594444444444444
0.4290322580645161
0.5618279569892473
0.405982905982906
0.6438888888888888
0.5676829268292682
0.5115384615384615
0.6045454545454545
0.6227777777777778
0.6028846153846154
0.6201388888888889
0.5782608695652174
0.475
0.5302325581395348
0.5846153846153846
0.6333333333333333
0.5637362637362637
0.5428571428571428
0.42130434782608694
0.6005747126436781
0.649367088607595
0.57
0.6551724137931034
0.5445121951219513
0.5150602409638554
0.74
0.5798701298701299
0.3836538461538462
0.6659793814432989
0.42035398230088494
0.5411392405063291
0.5782608695652174
0.5350574712643679
0.5953333333333334
0.560843373493976
0.532
0.6033783783783784
0.36944444444444446
0.6120192307692308
0.6375
0.4648936170212766
0.558125
0.589240506329114
0.6234375
0.5397727272727273
0.4275
0.6333333333333333
0.5135135135135135
0.6566176470588235
0.475
0.5716814159292035
0.6162162162162163
0.43018867924528303
0.5277777777777778
0.37424242424242427
0.5181818181818182
0.5676829268292682
0.5827731092436975
0.5724358974358974
0.510752688172043
0.5193333333333333
0.44946236559139785
0.6045454545454545
0.608
0.5875
0.5120567375886524
0.5651898734177215
0.5484536082474227
0.5853535353535354
0.403030303030303
0.5967948717948718
0.6569148936170213
0.5516129032258065
0.6301020408163265
0.7464285714285714
0.5525510204081633
0.4586206896551724
0.5089285714285714
0.5089285714285714
0.5412790697674419
0.5527272727272727
0.5395061728395062
0.5726027397260274
0.5896551724137931
0.5356382978723404
0.646311475409836
0.5230337078651686
0.7663865546218488
0.8099358974358974
0.6909090909090909
0.5265060240963856
0.4290322580645161
0.562962962962963
0.5726027397260274
0.6191011235955056
0.5918032786885246
0.5225
0.560843373493976
0.38564356435643565
0.6985294117647058
0.749609375
0.5679347826086957
0.5395061728395062
0.5089285714285714
0.5826666666666667
0.5633720930232559
0.5905405405405405
0.615934065934066
0.5588235294117647
0.5922077922077922
0.5265060240963856
0.6443478260869565
0.5665137614678899
0.5288659793814433
0.5172222222222222
0.49216867469879516
0.6057971014492753
0.57
0.49032258064516127
0.6206666666666667
0.653125
0.5905405405405405
0.7758333333333334
0.5089285714285714
0.6375
0.4578313253012048
0.6045454545454545
0.5798701298701299
0.5306306306306307
0.5826666666666667
0.5946564885496183
0.5676100628930818
0.5792682926829268
0.5837349397590361
0.6690140845070423
0.576063829787234
0.6385245901639345
0.6717857142857143
0.6242857142857143
0.475
0.415625
0.5875
0.5754807692307692
0.5605
0.675206611570248
0.5364705882352941
0.5798701298701299
0.6153409090909091
0.285
0.625
0.49709302325581395
0.5089285714285714
0.5
0.5746913580246914
0.552027027027027
0.59375
0.581875
0.49709302325581395
0.5651898734177215
0.5230337078651686
0.5379518072289157
0.5905405405405405
0.5971428571428572
0.6719512195121952
0.5676829268292682
0.4440217391304348
0.6024390243902439
0.665
0.4514851485148515
0.4538888888888889
0.5896551724137931
0.5252941176470588
0.6296511627906977
0.6107142857142858
0.6288732394366198
0.6089743589743589
0.59
0.46941176470588236
0.48579545454545453
0.5181818181818182
0.6201388888888889
0.475
0.6066265060240964
0.57
0.575
0.6333333333333333
0.700625
0.5311827956989247
0.5731404958677686
0.6016666666666667
0.5637362637362637
0.5493975903614458
0.6764
0.5150602409638554
0.4658653846153846
0.6036458333333333
0.5864197530864198
0.5846153846153846
0.6409638554216868
0.6147058823529412
0.5854651162790697
0.5132183908045977
0.5512345679012346
0.3940740740740741
0.5484536082474227
0.529113924050633
0.6168831168831169
0.6218181818181818
0.5985
0.629054054054054
0.6242857142857143
0.5953333333333334
0.5602564102564103
0.4796116504854369
0.6242857142857143
0.6116438356164383
0.560843373493976
0.7283333333333334
0.5746913580246914
0.475
0.5551948051948052
0.5512345679012346
0.5582474226804124
0.55
0.7125
0.562962962962963
0.649367088607595
0.5625
0.7421875
0.54625
0.3649006622516556
0.5551948051948052
0.611304347826087
0.5676829268292682
0.6764
0.6089743589743589
0.4930379746835443
0.5411392405063291
0.684
0.5302325581395348
0.6938202247191011
0.6333333333333333
0.49137931034482757
0.59375
0.4863095238095238
0.34262295081967215
0.5493975903614458
0.5459770114942529
0.486875
0.5846153846153846
0.64125
0.5911111111111111
0.6333333333333333
0.6075581395348837
0.560843373493976
0.558125
0.6263736263736264
0.6147058823529412
0.5268181818181819
0.5741758241758241
0.562962962962963
0.4655
0.6916666666666667
0.5267326732673268
0.5476470588235294
0.54625
0.5302325581395348
0.5953333333333334
0.47079646017699117
0.42876106194690267
0.6258823529411764
0.5560975609756098
0.531547619047619
0.602112676056338
0.7148514851485148
0.6597222222222222
0.578735632183908
0.475
0.5588235294117647
0.572289156626506
0.7727611940298508
0.716044776119403
0.5922077922077922
0.7289308176100628
0.46192660550458714
0.5476470588235294
0.5924731182795699
0.4242718446601942
0.6295180722891566
0.5777027027027027
0.5465753424657535
0.5238317757009345
0.6247747747747747
0.5994047619047619
0.6927083333333334
0.6690140845070423
0.6581699346405229
0.5951807228915663
0.5602564102564103
0.5252941176470588
0.6621212121212121
0.5443820224719101
0.5838541666666667
0.405982905982906
0.602112676056338
0.475
0.5512345679012346
0.5798701298701299
0.5252941176470588
0.38
0.6551724137931034
0.4803370786516854
0.5651898734177215
0.5772151898734177
0.43267326732673267
0.4477011494252874
0.5369565217391304
0.5213414634146342
0.6258823529411764
0.5324175824175824
0.6551724137931034
0.48489583333333336
0.5648648648648649
0.42552083333333335
0.6216049382716049
0.5022988505747127
0.5951807228915663
0.48021978021978023
0.46116504854368934
0.5675324675324676
0.6206666666666667
0.6426470588235295
0.6446428571428572
0.6168831168831169
0.6253164556962025
0.5364705882352941
0.497196261682243
0.451010101010101
0.6076576576576577
0.44946236559139785
0.646
0.6075581395348837
0.627
0.5953333333333334
0.6472527472527473
0.6075581395348837
0.45321100917431195
0.5675324675324676
0.6719512195121952
0.532
0.5505681818181818
0.639795918367347
0.5428571428571428
0.5172222222222222
0.4910112359550562
0.5465753424657535
0.6333333333333333
0.3911764705882353
0.5995145631067961
0.6396039603960396
0.5230337078651686
0.6815217391304348
0.6
0.6455128205128206
0.5719387755102041
0.6658119658119658
0.57
0.6376712328767123
0.54625
0.7416666666666667
0.639090909090909
0.5383333333333333
0.5516129032258065
0.6767123287671233
0.629054054054054
0.6117424242424242
0.6844086021505377
0.6442528735632184
0.59375
0.625609756097561
0.595054945054945
0.5160493827160494
0.58
0.5877118644067797
0.6659793814432989
0.5493975903614458
0.5079207920792079
0.5263513513513514
0.5476470588235294
0.5923529411764706
0.4658653846153846
0.44831460674157303
0.6214953271028038
0.5676829268292682
0.475
0.7068452380952381
0.5277777777777778
0.5160493827160494
0.5476470588235294
0.5123595505617977
0.5011811023622047
0.5302325581395348
0.6258823529411764
0.5880952380952381
0.4863095238095238
0.5651898734177215
0.7417307692307692
0.6089743589743589
0.5302325581395348
0.7615079365079365
0.5854651162790697
0.6832191780821918
0.575
0.6097014925373134
0.5193333333333333
0.7331521739130434
0.5369565217391304
0.5123595505617977
0.4925925925925926
0.5495098039215687
0.6690140845070423
0.5397727272727273
0.5826666666666667
0.4543478260869565
0.558125
0.6087378640776699
0.7081818181818181
0.40948275862068967
0.4490909090909091
0.5565656565656566
0.47
0.6164893617021276
0.6227777777777778
0.5391891891891892
0.5237179487179487
0.608
0.5967948717948718
0.575
0.64125
0.5551948051948052
0.538659793814433
0.5953333333333334
0.475
0.5305194805194805
0.6
0.6612745098039216
0.437
0.54625
0.504320987654321
0.6632075471698113
0.6966666666666667
0.475
0.5880952380952381
0.581875
0.45478723404255317
0.4582352941176471
0.4976190476190476
0.5872727272727273
0.5115384615384615
0.5588235294117647
0.5265060240963856
0.6422535211267606
0.6092391304347826
0.5885869565217391
0.56
0.6455128205128206
0.5588235294117647
0.4807228915662651
0.6116438356164383
0.5442708333333334
0.5551948051948052
0.4959558823529412
0.49
0.6670212765957447
0.5531645569620253
0.6147058823529412
0.5679347826086957
0.529113924050633
0.7412087912087912
0.5625
0.5484536082474227
0.6817647058823529
0.520673076923077
0.5595890410958904
0.6220238095238095
0.5727941176470588
0.5412790697674419
0.5196581196581197
0.5826666666666667
0.5428571428571428
0.6132911392405064
0.5726027397260274
0.6375
0.4932692307692308
0.57
0.5602564102564103
0.534375
0.57
0.5181818181818182
0.531547619047619
0.6702777777777778
0.5350574712643679
0.4242718446601942
0.5974226804123711
0.6220238095238095
0.6378571428571429
0.7544117647058823
0.5445121951219513
0.5625
0.4489010989010989
0.6612745098039216
0.4702020202020202
0.5613636363636364
0.5379518072289157
0.5277777777777778
0.5541666666666667
0.43782608695652175
0.4552083333333333
0.5947154471544716
0.575
0.5905405405405405
0.5356382978723404
0.5277777777777778
0.6435483870967742
0.58
0.6672619047619047
0.602112676056338
0.6147058823529412
0.6561855670103093
0.6157407407407407
0.6164893617021276
0.6640776699029126
0.55
0.4126262626262626
0.4648936170212766
0.475
0.6107142857142858
0.4489010989010989
0.5767857142857142
0.5480769230769231
0.6423809523809524
0.6098765432098765
0.5955223880597015
0.46060606060606063
0.6231182795698925
0.4891089108910891
0.6180722891566265
0.6295180722891566
0.5412790697674419
0.6069444444444444
0.5445121951219513
0.5230337078651686
0.5588235294117647
0.5415
0.625
0.53
0.6660919540229885
0.45340909090909093
0.5
0.5767857142857142
0.5837349397590361
0.5880952380952381
0.4290322580645161
0.6621212121212121
0.5196581196581197
0.3958333333333333
0.6729166666666667
0.3265625
0.4910112359550562
0.59
0.5720430107526882
0.529113924050633
0.5428571428571428
0.600735294117647
0.5480769230769231
0.4044554455445545
0.5644927536231884
0.520673076923077
0.5595890410958904
0.36259541984732824
0.6296511627906977
0.649367088607595
0.4438524590163934
0.48021978021978023
0.6220238095238095
0.6438888888888888
0.5951807228915663
0.6389380530973451
0.5971428571428572
0.5724358974358974
0.54625
0.6220238095238095
0.5679347826086957
0.6066265060240964
0.6107142857142858
0.49709302325581395
0.49817073170731707
0.5170886075949367
0.5277777777777778
0.6438888888888888
0.6107142857142858
0.589240506329114
0.5209677419354839
0.684
0.5777027027027027
0.39278846153846153
0.5347682119205298
0.6183962264150943
0.5644927536231884
0.5046875
0.684
0.572289156626506
0.6216049382716049
0.7155844155844155
0.4845
0.4891089108910891
0.5864197530864198
0.5613636363636364
0.5397727272727273
0.5798701298701299
0.629054054054054
0.5215686274509804
0.5746913580246914
0.5484536082474227
0.486875
0.5953333333333334
0.5602564102564103
0.4943089430894309
0.6370588235294118
0.6642857142857143
0.5753521126760563
0.6935
0.4046296296296296
0.5079207920792079
0.5861702127659575
0.48857142857142855
0.5238317757009345
0.6402173913043478
0.6
0.6333333333333333
0.5036144578313253
0.6258823529411764
0.5459770114942529
0.5633720930232559
0.572289156626506
0.456
0.6640776699029126
0.5633720930232559
0.5493975903614458
0.6477272727272727
0.4505154639175258
0.4362244897959184
0.45740740740740743
0.6861111111111111
0.5191860465116279
0.5720430107526882
0.5767857142857142
0.4893939393939394
0.5560975609756098
0.46
0.5531645569620253
0.5602564102564103
0.46467391304347827
0.5923529411764706
0.5986301369863014
0.4342857142857143
0.59375
0.49176470588235294
0.4046296296296296
0.4481132075471698
0.6494897959183673
0.5967948717948718
0.5877118644067797
0.6033783783783784
0.5476470588235294
0.5163043478260869
0.6495726495726496
0.534375
0.5875
0.6685185185185185
0.586764705882353
0.5115384615384615
0.4845
0.5141176470588236
0.5488888888888889
0.5911111111111111
0.6089743589743589
0.7322916666666667
0.5230337078651686
0.578735632183908
0.5651898734177215
0.5428571428571428
0.44468085106382976
0.5505681818181818
0.510625
0.4377450980392157
0.6755555555555556
0.4910112359550562
0.6641592920353983
0.6700892857142857
0.3263803680981595
0.5573333333333333
0.5505681818181818
0.41304347826086957
0.3980952380952381
0.6972477064220184
0.5252941176470588
0.4377450980392157
0.3259124087591241
0.6012658227848101
0.582258064516129
0.6446428571428572
0.6627906976744186
0.5480769230769231
0.4505154639175258
0.5428571428571428
0.6446428571428572
0.4807228915662651
0.29375
0.608
0.5798701298701299
0.6012658227848101
0.68875
0.4837962962962963
0.5277777777777778
0.5746913580246914
0.5029411764705882
0.6107142857142858
0.43349514563106795
0.5854651162790697
0.7048387096774194
0.5657303370786517
0.5777027027027027
0.59
0.54625
0.6567901234567901
0.6456310679611651
0.43018867924528303
0.46941176470588236
0.6107142857142858
0.5115384615384615
0.5412790697674419
0.6446428571428572
0.49176470588235294
0.5324175824175824
0.5541666666666667
0.6785714285714286
0.5811764705882353
0.5911111111111111
0.5488888888888889
0.5971428571428572
0.5651898734177215
0.5022988505747127
0.6421296296296296
0.5625
0.5551948051948052
0.575
0.5541666666666667
0.5811764705882353
0.5864197530864198
0.5625
0.5193333333333333
0.5237179487179487
0.38177570093457946
0.578735632183908
0.531547619047619
0.6603658536585366
0.4910112359550562
0.6206666666666667
0.44752066115702477
0.5263513513513514
0.47
0.6759615384615385
0.46030927835051544
0.5922077922077922
0.46030927835051544
0.63828125
0.4708695652173913
0.6438888888888888
0.6098765432098765
0.57
0.5565656565656566
0.6140243902439024
0.6333333333333333
0.5046875
0.6211538461538462
0.5512345679012346
0.46467391304347827
0.578735632183908
0.4910112359550562
0.5994047619047619
0.6526086956521739
0.57
0.589240506329114
0.7388888888888889
0.5724358974358974
0.4567307692307692
0.57
0.49176470588235294
0.5726027397260274
0.5951807228915663
0.582258064516129
0.608
0.5
0.6551724137931034
0.38169642857142855
0.6630208333333333
0.5568965517241379
0.6601694915254237
0.5805555555555556
0.5525510204081633
0.5676829268292682
0.4956521739130435
0.5588235294117647
0.5618279569892473
0.6455128205128206
0.5523255813953488
0.451010101010101
0.531547619047619
0.5181818181818182
0.5837349397590361
0.5724358974358974
0.5805555555555556
0.4845
0.5428571428571428
0.6889312977099237
0.602112676056338
0.6638554216867469
0.5683035714285715
0.5951807228915663
0.6990566037735849
0.6741935483870968
0.732994923857868
0.5334615384615384
0.6087378640776699
0.6012658227848101
0.5846153846153846
0.5531645569620253
0.5753521126760563
0.6333333333333333
0.6084269662921349
0.5726027397260274
0.510625
0.5337078651685393
0.6909090909090909
0.6795138888888889
0.5825471698113207
0.6
0.5654761904761905
0.5445121951219513
0.57
0.5324175824175824
0.5837349397590361
0.57
0.5741758241758241
0.5573333333333333
0.5029411764705882
0.57
0.5746913580246914
0.6107142857142858
0.6385245901639345
0.5412790697674419
0.415625
0.6333333333333333
0.6125
0.5181818181818182
0.5870786516853933
0.6918478260869565
0.6191011235955056
0.6268041237113402
0.5493975903614458
0.5678160919540229
0.5181818181818182
0.5531645569620253
0.534375
0.4893939393939394
0.5676829268292682
0.5990990990990991
0.6367021276595745
0.3847107438016529
0.6162162162162163
0.4578313253012048
0.6261363636363636
0.558125
0.4350467289719626
0.6024390243902439
0.5397727272727273
0.5651898734177215
0.5953333333333334
0.6154929577464788
0.5856164383561644
0.6162162162162163
0.5225
0.6024390243902439
0.6472527472527473
0.4354166666666667
0.5541666666666667
0.5191860465116279
0.6221238938053097
0.6785714285714286
0.57
0.6375
0.6534391534391535
0.5550561797752809
0.5073863636363637
0.646
0.646
0.7581730769230769
0.6333333333333333
0.55
0.5445121951219513
0.6415584415584416
0.6408730158730159
0.5202380952380953
0.7017045454545454
0.6705882352941176
0.672108843537415
0.6107142857142858
0.5541666666666667
0.7288793103448276
0.6024390243902439
0.4552083333333333
0.4864
0.5861702127659575
0.615934065934066
0.5880952380952381
0.596078431372549
0.64
0.5856164383561644
0.6186046511627907
0.5856164383561644
0.7179389312977099
0.5896551724137931
0.46467391304347827
0.5846153846153846
0.4222222222222222
0.6472527472527473
0.40192307692307694
0.49065934065934064
0.5864197530864198
0.5745967741935484
0.5457446808510639
0.5397727272727273
0.6094339622641509
0.55
0.7101010101010101
0.5777027027027027
0.6
0.5837349397590361
0.665
0.5349514563106796
0.5369565217391304
0.6246575342465753
0.5356382978723404
0.5588235294117647
0.5237179487179487
0.5225
0.628099173553719
0.5870786516853933
0.5837349397590361
0.7059633027522936
0.7
0.5375
0.4965909090909091
0.6092391304347826
0.4936274509803922
0.5918032786885246
0.7737903225806452
0.4870253164556962
0.753968253968254
0.5266304347826087
0.602112676056338
0.6147058823529412
0.45637254901960783
0.6618852459016393
0.6688
0.552027027027027
0.521978021978022
0.6918478260869565
0.6613924050632911
0.558125
0.6201388888888889
0.5777027027027027
0.6767123287671233
0.5512345679012346
0.38
0.6852459016393443
0.5640625
0.5531645569620253
0.6633620689655172
0.5476470588235294
0.5782608695652174
0.5115384615384615
0.576063829787234
0.48532608695652174
0.6384
0.4851063829787234
0.6092391304347826
0.5676829268292682
0.6240196078431373
0.5337078651685393
0.5255319148936171
0.5853535353535354
0.45478723404255317
0.576063829787234
0.5160493827160494
0.6376712328767123
0.6333333333333333
0.38513513513513514
0.5951807228915663
0.6415584415584416
0.5428571428571428
0.579047619047619
0.7091549295774648
0.4582352941176471
0.5764044943820225
0.600735294117647
0.7040178571428571
0.5097560975609756
0.546969696969697
0.6700892857142857
0.5777027027027027
0.525
0.4504310344827586
0.5513392857142857
0.57
0.59375
0.6426470588235295
0.600735294117647
0.6107142857142858
0.5466981132075471
0.6069444444444444
0.29178571428571426
0.5839449541284404
0.5625
0.6738372093023256
0.5767857142857142
0.575
0.5772151898734177
0.6919753086419753
0.552027027027027
0.6312903225806452
0.5875
0.5971428571428572
0.5445121951219513
0.6333333333333333
0.5428571428571428
0.5541666666666667
0.5446666666666666
0.5329268292682927
0.6028846153846154
0.7057142857142857
0.6438888888888888
0.5746913580246914
0.5512345679012346
0.6263736263736264
0.6942307692307692
0.5459770114942529
0.534375
0.5724358974358974
0.5218309859154929
0.5358974358974359
0.5350574712643679
0.6422535211267606
0.475
0.6426470588235295
0.6107142857142858
0.597752808988764
0.4980582524271845
0.57
0.4961111111111111
0.62
0.57
0.5541666666666667
0.5
0.5887323943661972
0.6576923076923077
0.57
0.3931034482758621
0.6091603053435114
0.5560975609756098
0.529113924050633
0.5411392405063291
0.575
0.5633720930232559
0.675206611570248
0.6154929577464788
0.4698924731182796
0.57
0.7040178571428571
0.4845
0.6451492537313432
0.5720430107526882
0.6092391304347826
0.6675675675675675
0.4284313725490196
0.5115384615384615
0.3265625
0.5289772727272727
0.6207920792079208
0.6601694915254237
0.48489583333333336
0.5837349397590361
0.6288732394366198
0.5981481481481481
0.46530612244897956
0.5160493827160494
0.5541666666666667
0.7343971631205674
0.4910112359550562
0.54625
0.6785714285714286
0.7490384615384615
0.6785714285714286
0.5122549019607843
0.6147058823529412
0.49216867469879516
0.6298913043478261
0.5675324675324676
0.5764044943820225
0.560843373493976
0.5811764705882353
0.5946043165467626
0.5563063063063063
0.4284313725490196
0.4465811965811966
0.5846153846153846
0.4465
0.624537037037037
0.6010204081632653
0.6406976744186047
0.5505681818181818
0.5428571428571428
0.5488888888888889
0.6045454545454545
0.5277777777777778
0.6125
0.5986301369863014
0.6012658227848101
0.5560975609756098
0.6608695652173913
0.6012658227848101
0.5202380952380953
0.5115384615384615
0.7206896551724138
0.4845
0.5573333333333333
0.6992
0.5364705882352941
0.5237179487179487
0.6415584415584416
0.5331632653061225
0.6035294117647059
0.7331521739130434
0.6075581395348837
0.4636904761904762
0.5493975903614458
0.49709302325581395
0.701865671641791
0.57
0.5324175824175824
0.5837349397590361
0.562962962962963
0.6682203389830509
0.4891089108910891
0.5896551724137931
0.6084269662921349
0.5792682926829268
0.5809917355371901
0.5908536585365853
0.47
0.6759615384615385
0.578735632183908
0.5154255319148936
0.5922077922077922
0.5191860465116279
0.625609756097561
0.5401960784313725
0.5488888888888889
0.5395061728395062
0.48
0.5633720930232559
0.5277777777777778
0.5
0.6621212121212121
0.5202380952380953
0.6586666666666666
0.6288732394366198
0.5225
0.6915441176470588
0.5846153846153846
0.5679347826086957
0.5358974358974359
0.5480769230769231
0.6333333333333333
0.4489010989010989
0.6045454545454545
0.6097014925373134
0.5531645569620253
0.5181818181818182
0.5565656565656566
0.5625
0.6195652173913043
0.64
0.5132183908045977
0.5115384615384615
0.510625
0.5375
0.4965909090909091
0.653125
0.6597222222222222
0.579047619047619
0.4793577981651376
0.363671875
0.333984375
0.5618279569892473
0.415625
0.4896907216494845
0.600735294117647
0.7352739726027397
0.6974683544303798
0.5089285714285714
0.7
0.5613636363636364
0.675
0.44224137931034485
0.5875
0.5986301369863014
0.46954022988505745
0.6234375
0.5448529411764705
0.572289156626506
0.558125
0.5411392405063291
0.6962328767123288
0.552027027027027
0.5289772727272727
0.4586206896551724
0.5922077922077922
0.6242857142857143
0.6745
0.61875
0.57
0.5777027027027027
0.5922077922077922
0.6678217821782179
0.625968992248062
0.5516129032258065
0.575
0.608
0.665
0.5364705882352941
0.572289156626506
0.5213414634146342
0.495398773006135
0.597752808988764
0.5181818181818182
0.4440217391304348
0.653125
0.5375
0.6178861788617886
0.597752808988764
0.5046875
0.5560975609756098
0.6537634408602151
0.5277777777777778
0.5329268292682927
0.48579545454545453
0.4961111111111111
0.5022988505747127
0.6147058823529412
0.5391891891891892
0.6201388888888889
0.5459770114942529
0.5191860465116279
0.6641592920353983
0.5922077922077922
0.572289156626506
0.7054455445544554
0.5531645569620253
0.5925742574257425
0.6206666666666667
0.6125
0.6705882352941176
0.525
0.600735294117647
0.5726027397260274
0.6211538461538462
0.597752808988764
0.57
0.64125
0.695360824742268
0.5411392405063291
0.596694214876033
0.5081395348837209
0.625609756097561
0.578735632183908
0.4704761904761905
0.5141176470588236
0.6525252525252525
0.5005376344086021
0.6084269662921349
0.6125
0.5237179487179487
0.6567901234567901
0.6024390243902439
0.5659574468085107
0.5811764705882353
0.5946564885496183
0.6368131868131868
0.6227777777777778
0.5213414634146342
0.5531645569620253
0.534375
0.5971428571428572
0.5835714285714285
0.45916666666666667
0.6258823529411764
0.5213414634146342
0.6738372093023256
0.5237179487179487
0.475
0.4847938144329897
0.6713333333333333
0.5967948717948718
0.572289156626506
0.6491666666666667
0.4556122448979592
0.6125
0.39278846153846153
0.576063829787234
0.5241379310344828
0.49709302325581395
0.5753521126760563
0.5908536585365853
0.6045454545454545
0.5505681818181818
0.5446666666666666
0.5924731182795699
0.562962962962963
0.35348837209302325
0.6295180722891566
0.5826666666666667
0.7549107142857143
0.5277777777777778
0.59375
0.475
0.4608910891089109
0.7794871794871795
0.6024390243902439
0.4684027777777778
0.44468085106382976
0.6054945054945055
0.4985148514851485
0.5313559322033898
0.6154929577464788
0.6729166666666667
0.501685393258427
0.6175
0.6206666666666667
0.5305194805194805
0.5880952380952381
0.5719387755102041
0.5238317757009345
0.6298913043478261
0.6
0.4790598290598291
0.5626213592233009
0.59375
0.5383333333333333
0.5839449541284404
0.5277777777777778
0.5266304347826087
0.25959302325581396
0.49216867469879516
0.7026041666666667
0.6365
0.6521186440677966
0.5369565217391304
0.5005376344086021
0.43018867924528303
0.605625
0.5625
0.5675324675324676
0.5678160919540229
0.589240506329114
0.6045454545454545
0.5375
0.4961111111111111
0.6107142857142858
0.5721590909090909
0.616015625
0.6511235955056179
0.5744186046511628
0.562962962962963
0.6097014925373134
0.5476470588235294
0.5541666666666667
0.5777027027027027
0.6063829787234043
0.4414141414141414
0.5097560975609756
0.46620370370370373
0.5225
0.46636363636363637
0.6723076923076923
0.575
0.562962962962963
0.5442708333333334
0.5193333333333333
0.5767857142857142
0.6258823529411764
0.57
0.6087378640776699
0.6
0.37845528455284555
0.5777027027027027
0.5533980582524272
0.5072815533980582
0.675206611570248
0.5875
0.486875
0.56
0.6107142857142858
0.615934065934066
0.6298913043478261
0.38
0.48579545454545453
0.5358974358974359
0.5633720930232559
0.6809734513274336
0.5915094339622642
0.605625
0.54625
0.5005376344086021
0.6736363636363636
0.3934343434343434
0.665
0.5123595505617977
0.5022988505747127
0.5994047619047619
0.6012658227848101
0.6045454545454545
0.57
0.4060483870967742
0.5854651162790697
0.5560975609756098
0.7016339869281045
0.6333333333333333
0.5504672897196262
0.5654761904761905
0.5605
0.5880952380952381
0.7037037037037037
0.560952380952381
0.601980198019802
0.5777027027027027
0.3917525773195876
0.54625
0.646311475409836
0.46954022988505745
0.521978021978022
0.6477272727272727
0.5922077922077922
0.4930379746835443
0.44107142857142856
0.5965116279069768
0.5505681818181818
0.600735294117647
0.4543478260869565
0.5350574712643679
0.5493975903614458
0.6142241379310345
0.654245283018868
0.6992
0.510625
0.4096330275229358
0.629375
0.5411392405063291
0.5428571428571428
0.5415
0.562962962962963
0.5665137614678899
0.4852517985611511
0.6069444444444444
0.6333333333333333
0.6162162162162163
0.5252941176470588
0.3360544217687075
0.5588235294117647
0.510752688172043
0.5337078651685393
0.5920289855072464
0.5798701298701299
0.6359504132231405
0.5191860465116279
0.531547619047619
0.46941176470588236
0.4222222222222222
0.5798701298701299
0.5744186046511628
0.5252941176470588
0.6202479338842976
0.5305194805194805
0.6012658227848101
0.57
0.564622641509434
0.5263513513513514
0.59375
0.5022988505747127
0.575
0.4586206896551724
0.4453125
0.7544117647058823
0.41936936936936936
0.6297752808988764
0.4910112359550562
0.5089285714285714
0.4697802197802198
0.5350574712643679
0.47
0.59375
0.5625
0.5389423076923077
0.6045454545454545
0.5885869565217391
0.629054054054054
0.653125
0.59375
0.6211538461538462
0.649367088607595
0.5445121951219513
0.6084269662921349
0.6175
0.6005747126436781
0.5720430107526882
0.6129032258064516
0.6333333333333333
0.6227777777777778
0.7408256880733946
0.6231182795698925
0.40714285714285714
0.568041237113402
0.6469827586206897
0.5289772727272727
0.628099173553719
0.5724358974358974
0.6253164556962025
0.5225
0.6061904761904762
0.437
0.5525510204081633
0.57
0.665
0.6662337662337663
0.5772151898734177
0.582258064516129
0.5651898734177215
0.6296511627906977
0.6773148148148148
0.5541666666666667
0.6296511627906977
0.47029702970297027
0.578735632183908
0.5837349397590361
0.7222602739726027
0.5678160919540229
0.6033783783783784
0.5967948717948718
0.5189075630252101
0.5911111111111111
0.696039603960396
0.5829545454545455
0.6211538461538462
0.5595890410958904
0.558125
0.45
0.41386138613861384
0.6463917525773196
0.4481132075471698
0.6263736263736264
0.5029411764705882
0.6087378640776699
0.5311827956989247
0.4440217391304348
0.6012658227848101
0.48348214285714286
0.5358974358974359
0.5428571428571428
0.5568965517241379
0.589240506329114
0.4583333333333333
0.572289156626506
0.5459770114942529
0.52
0.4360655737704918
0.6772277227722773
0.560843373493976
0.6125
0.5573333333333333
0.6116438356164383
0.4803370786516854
0.5338842975206611
0.5541666666666667
0.5965116279069768
0.43349514563106795
0.5995145631067961
0.6608695652173913
0.59375
0.5588235294117647
0.5230337078651686
0.6402173913043478
0.54
0.5926605504587156
0.5864197530864198
0.4888349514563107
0.6092391304347826
0.7061946902654868
0.6066265060240964
0.5438931297709924
0.6673553719008265
0.46192660550458714
0.4863095238095238
0.5173708920187794
0.5777027027027027
0.4956521739130435
0.532
0.5412790697674419
0.6785714285714286
0.57
0.5746913580246914
0.5551948051948052
0.4439252336448598
0.6
0.40860215053763443
0.43846153846153846
0.686923076923077
0.605625
0.5875
0.4058252427184466
0.5772151898734177
0.5805555555555556
0.5673611111111111
0.5746913580246914
0.5428571428571428
0.6162162162162163
0.525
0.532
0.5413978494623656
0.5230337078651686
0.5560975609756098
0.5994047619047619
0.6517441860465116
0.5949494949494949
0.5826666666666667
0.4593406593406593
0.5213414634146342
0.5443820224719101
0.6831460674157304
0.6114942528735632
0.6599236641221374
0.5971428571428572
0.6416666666666667
0.6414529914529915
0.5974226804123711
0.6495726495726496
0.4444954128440367
0.608
0.6125
0.5923529411764706
0.5576086956521739
0.5213414634146342
0.673931623931624
0.501685393258427
0.4698924731182796
0.5428571428571428
0.5505681818181818
0.4275
0.4582352941176471
0.6301020408163265
0.5965116279069768
0.5145833333333333
0.6361607142857143
0.6455128205128206
0.5507246376811594
0.5311827956989247
0.59375
0.586764705882353
0.5531645569620253
0.7238095238095238
0.6333333333333333
0.6333333333333333
0.5573333333333333
0.6567901234567901
0.59375
0.521978021978022
0.6301980198019802
0.5717592592592593
0.572289156626506
0.531547619047619
0.6333333333333333
0.5744186046511628
0.5531645569620253
0.6069444444444444
0.6811320754716981
0.4519417475728155
0.6369318181818182
0.575
0.6024390243902439
0.6639784946236559
0.7298013245033113
0.48058823529411765
0.6591836734693878
0.5474576271186441
0.5551948051948052
0.5905405405405405
0.6298913043478261
0.5922077922077922
0.43846153846153846
0.6184563758389262
0.4947916666666667
0.510752688172043
0.6107142857142858
0.42786259541984734
0.5573333333333333
0.5908536585365853
0.3816239316239316
0.6054945054945055
0.6125
0.475
0.31867088607594934
0.521978021978022
0.6045454545454545
0.6537634408602151
0.5531645569620253
0.46
0.5181818181818182
0.6178861788617886
0.5428571428571428
0.5923529411764706
0.5428571428571428
0.5625
0.5476470588235294
0.5777027027027027
0.4577272727272727
0.5428571428571428
0.4697802197802198
0.5922077922077922
0.49227272727272725
0.7101010101010101
0.5676829268292682
0.4636904761904762
0.5923529411764706
0.5663461538461538
0.6098765432098765
0.501685393258427
0.5675324675324676
0.5602564102564103
0.4976190476190476
0.59375
0.5443820224719101
0.378515625
0.611304347826087
0.44333333333333336
0.5525510204081633
0.5913265306122449
0.5864197530864198
0.6505434782608696
0.529113924050633
0.4414141414141414
0.6881889763779527
0.5493975903614458
0.6583333333333333
0.4642045454545455
0.5922077922077922
0.6207920792079208
0.5302325581395348
0.6263736263736264
0.5981481481481481
0.562962962962963
0.5053191489361702
0.49709302325581395
0.5022988505747127
0.6673553719008265
0.57
0.5551948051948052
0.4505154639175258
0.49216867469879516
0.7037037037037037
0.6516528925619834
0.6045454545454545
0.7916666666666666
0.562962962962963
0.57
0.4845
0.578735632183908
0.5922077922077922
0.6975524475524476
0.5383333333333333
0.798
0.6672619047619047
0.5994047619047619
0.39369369369369367
0.5676829268292682
0.49
0.5805555555555556
0.6430769230769231
0.5
0.7388888888888889
0.59375
0.6521186440677966
0.5541666666666667
0.4593406593406593
0.6371951219512195
0.5880952380952381
0.5190721649484537
0.43782608695652175
0.5837349397590361
0.5896551724137931
0.6507874015748032
0.5967948717948718
0.55
0.575
0.5622448979591836
0.5170886075949367
0.7316770186335404
0.48
0.6012658227848101
0.6627906976744186
0.6623853211009174
0.5602564102564103
0.49875
0.5145833333333333
0.6333333333333333
0.6072164948453608
0.5759842519685039
0.558125
0.5875
0.602112676056338
0.625
0.5308823529411765
0.5864197530864198
0.5277777777777778
0.600735294117647
0.7089552238805971
0.5962765957446808
0.6107142857142858
0.5734234234234235
0.5005376344086021
0.6392523364485981
0.5746913580246914
0.5880952380952381
0.5903571428571428
0.6154929577464788
0.6084269662921349
0.7241803278688524
0.6122222222222222
0.5163043478260869
0.560843373493976
0.6612745098039216
0.5782608695652174
0.41442953020134227
0.6186046511627907
0.4801075268817204
0.3554421768707483
0.5459770114942529
0.5724358974358974
0.589240506329114
0.5255319148936171
0.581875
0.5397727272727273
0.6122222222222222
0.5476470588235294
0.6925806451612904
0.5986301369863014
0.5267326732673268
0.6147058823529412
0.452803738317757
0.5633720930232559
0.5846153846153846
0.415625
0.5805555555555556
0.5671641791044776
0.5550561797752809
0.6107142857142858
0.5512345679012346
0.5350574712643679
0.5764044943820225
0.6087378640776699
0.5302325581395348
0.5573333333333333
0.689010989010989
0.5209677419354839
0.5476470588235294
0.5837349397590361
0.7388888888888889
0.5459770114942529
0.6028846153846154
0.5967948717948718
0.6092391304347826
0.5488888888888889
0.4552083333333333
0.475
0.5726027397260274
0.6570093457943925
0.5364705882352941
0.47989690721649486
0.5081395348837209
0.5673611111111111
0.5523255813953488
0.5876288659793815
0.6258823529411764
0.4596774193548387
0.6211538461538462
0.6224137931034482
0.57
0.5531645569620253
0.654245283018868
0.5805555555555556
0.57
0.6608695652173913
0.5846153846153846
0.5880952380952381
0.6567901234567901
0.5846153846153846
0.6566176470588235
0.5395061728395062
0.36653543307086617
0.5181818181818182
0.6622406639004149
0.47010309278350515
0.49495798319327733
0.49227272727272725
0.48532608695652174
0.5767857142857142
0.6333333333333333
0.4660377358490566
0.5476470588235294
0.5311827956989247
0.46530612244897956
0.6116438356164383
0.57
0.6201388888888889
0.5854651162790697
0.57
0.6016666666666667
0.5356382978723404
0.5411392405063291
0.6333333333333333
0.6129032258064516
0.6494897959183673
0.4956521739130435
0.6089743589743589
0.6116438356164383
0.6
0.6092391304347826
0.5181818181818182
0.6211538461538462
0.59375
0.5675324675324676
0.6195652173913043
0.6848837209302325
0.6183962264150943
0.55
0.5606557377049181
0.3886363636363636
0.6856521739130435
0.57
0.6432291666666666
0.6035294117647059
0.4795238095238095
0.5967948717948718
0.5678160919540229
0.4570754716981132
0.5428571428571428
0.4589887640449438
0.6508287292817679
0.46
0.5675324675324676
0.6333333333333333
0.6053921568627451
0.39915966386554624
0.4696629213483146
0.5369565217391304
0.5678160919540229
0.5
0.5908536585365853
0.5908536585365853
0.520673076923077
0.7450980392156863
0.5213414634146342
0.4956521739130435
0.6182539682539683
0.6188073394495412
0.5772151898734177
0.6517441860465116
0.6180722891566265
0.6211538461538462
0.6201388888888889
0.582258064516129
0.5092783505154639
0.61
0.7528301886792453
0.6477272727272727
0.5594444444444444
0.5277777777777778
0.5022988505747127
0.521978021978022
0.6036458333333333
0.5445121951219513
0.5772151898734177
0.4803370786516854
0.5805555555555556
0.5289772727272727
0.6522388059701493
0.5277777777777778
0.597682119205298
0.3188356164383562
0.5746913580246914
0.589240506329114
0.5792682926829268
0.6421296296296296
0.5160493827160494
0.525
0.5541666666666667
0.5560975609756098
0.6371951219512195
0.57
0.5732758620689655
0.560843373493976
0.625609756097561
0.5337078651685393
0.6688775510204081
0.529113924050633
0.5864197530864198
0.581875
0.578735632183908
0.6484126984126984
0.5870786516853933
0.531547619047619
0.625968992248062
0.6180722891566265
0.6691304347826087
0.7238095238095238
0.5311827956989247
0.57
0.4855555555555556
0.5595890410958904
0.44946236559139785
0.5476470588235294
0.7388888888888889
0.5678160919540229
0.5534782608695652
0.6370588235294118
0.4085
0.6376712328767123
0.6
0.475
0.65
0.6076576576576577
0.5531645569620253
0.6234375
0.5605
0.5089285714285714
0.6057971014492753
0.4151260504201681
0.5776
0.40091743119266054
0.7204697986577181
0.7388888888888889
0.5724358974358974
0.510752688172043
0.5588235294117647
0.6893805309734513
0.5160493827160494
0.5181818181818182
0.3402985074626866
0.6825242718446602
0.7414634146341463
0.5962765957446808
0.6116438356164383
0.49032258064516127
0.6451492537313432
0.5798701298701299
0.5531645569620253
0.49817073170731707
0.5923529411764706
0.589240506329114
0.6175
0.7581730769230769
0.475
0.6962328767123288
0.3020231213872832
0.5837349397590361
0.6129032258064516
0.5981481481481481
0.7399038461538462
0.5746913580246914
0.6333333333333333
0.6381679389312978
0.531547619047619
0.5962765957446808
0.6258823529411764
0.65
0.6360169491525424
0.475
0.7
0.42446808510638295
0.7350364963503649
0.51
0.627
0.475
0.6597222222222222
0.5022988505747127
0.6455128205128206
0.6072164948453608
0.5541666666666667
0.6375
0.6705882352941176
0.5777027027027027
0.5493975903614458
0.5311827956989247
0.5678160919540229
0.5541666666666667
0.69
0.589240506329114
0.4947916666666667
0.605625
0.48579545454545453
0.5657303370786517
0.5675324675324676
0.5565656565656566
0.6376712328767123
0.4470588235294118
0.6162162162162163
0.6901709401709402
0.5493975903614458
0.5721590909090909
0.42326732673267325
0.7612582781456954
0.6154929577464788
0.6909090909090909
0.5066666666666667
0.6107142857142858
0.772258064516129
0.5395061728395062
0.5633720930232559
0.6206666666666667
0.5403669724770642
0.5490825688073394
0.6985294117647058
0.6216049382716049
0.5922077922077922
0.6771276595744681
0.6094339622641509
0.5856164383561644
0.6205645161290323
0.7286931818181818
0.7343558282208589
0.5181818181818182
0.6075581395348837
0.560843373493976
0.36745283018867925
0.602112676056338
0.4490909090909091
0.35330578512396693
0.6477272727272727
0.6005747126436781
0.46216216216216216
0.7313492063492063
0.608
0.5395061728395062
0.7165254237288136
0.7212962962962963
0.6107142857142858
0.5349514563106796
0.6005747126436781
0.33983739837398375
0.4697802197802198
0.5911111111111111
0.6873983739837398
0.5673611111111111
0.57
0.5141176470588236
0.5356382978723404
0.5277777777777778
0.5123595505617977
0.5560975609756098
0.6365
0.560843373493976
0.5089285714285714
0.7251908396946565
0.4961111111111111
0.6854430379746835
0.5277777777777778
0.6180722891566265
0.4702020202020202
0.5967948717948718
0.57
0.572289156626506
0.5493975903614458
0.5651898734177215
0.6551724137931034
0.46238938053097345
0.5324175824175824
0.4905737704918033
0.5565656565656566
0.6098765432098765
0.48021978021978023
0.5181818181818182
0.6392523364485981
0.6016666666666667
0.43782608695652175
0.5551948051948052
0.4519417475728155
0.5035
0.5150602409638554
0.4863095238095238
0.5741758241758241
0.5159482758620689
0.5651898734177215
0.5252941176470588
0.5551948051948052
0.46954022988505745
0.6365979381443299
0.5902912621359223
0.5981481481481481
0.6375
0.6603658536585366
0.7351758793969849
0.48021978021978023
0.562962962962963
0.6012658227848101
0.4696629213483146
0.55
0.475
0.6180722891566265
0.5905405405405405
0.4896907216494845
0.6107142857142858
0.44271844660194176
0.7057142857142857
0.6201388888888889
0.5277777777777778
0.6923728813559322
0.578735632183908
0.5835714285714285
0.6246575342465753
0.5202380952380953
0.625609756097561
0.6261363636363636
0.6179611650485437
0.5651898734177215
0.5856164383561644
0.6201388888888889
0.5637362637362637
0.5476470588235294
0.6238805970149254
0.6785714285714286
0.581875
0.5331632653061225
0.418
0.5428571428571428
0.3216535433070866
0.5753521126760563
0.5137755102040816
0.48717948717948717
0.589240506329114
0.5905405405405405
0.6283464566929133
0.6183962264150943
0.6717171717171717
0.3829457364341085
0.5412790697674419
0.59375
0.5181818181818182
0.5244791666666667
0.5375
0.532
0.4655
0.534375
0.5846153846153846
0.5981481481481481
0.6799019607843138
0.5805555555555556
0.5792682926829268
0.4582352941176471
0.6566176470588235
0.5172222222222222
0.54625
0.6487804878048781
0.49137931034482757
0.5896551724137931
0.49709302325581395
0.6895161290322581
0.5350574712643679
0.560843373493976
0.451010101010101
0.7419708029197081
0.6442528735632184
0.39017857142857143
0.5516129032258065
0.5101851851851852
0.5837349397590361
0.6672619047619047
0.6809734513274336
0.4790598290598291
0.5022988505747127
0.6140243902439024
0.5971428571428572
0.6012658227848101
0.5150602409638554
0.5795
0.653125
0.6175
0.5971428571428572
0.5358974358974359
0.5428571428571428
0.5457446808510639
0.629054054054054
0.4110576923076923
0.43267326732673267
0.6116438356164383
0.57
0.586764705882353
0.5720430107526882
0.6660919540229885
0.6076576576576577
0.6162162162162163
0.5573333333333333
0.4538888888888889
0.6333333333333333
0.6186046511627907
0.49935897435897436
0.6415584415584416
0.572289156626506
0.5678160919540229
0.6234375
0.6066265060240964
0.46395348837209305
0.5364705882352941
0.5880952380952381
0.6785714285714286
0.6220238095238095
0.5582474226804124
0.5308823529411765
0.6785714285714286
0.4261029411764706
0.5679347826086957
0.5651898734177215
0.5375968992248062
0.6298913043478261
0.5613636363636364
0.6075581395348837
0.6089743589743589
0.47010309278350515
0.6442528735632184
0.3471153846153846
0.5798701298701299
0.5985
0.6801136363636363
0.5150602409638554
0.5985
0.5541666666666667
0.5650862068965518
0.49709302325581395
0.6089743589743589
0.5373737373737374
0.5922077922077922
0.5446666666666666
0.6875
0.5837349397590361
0.7354838709677419
0.5551948051948052
0.5455445544554456
0.6116438356164383
0.5981481481481481
0.6820512820512821
0.5661616161616162
0.5959090909090909
0.560843373493976
0.4893939393939394
0.5772151898734177
0.46444444444444444
0.5861702127659575
0.6216049382716049
0.5595890410958904
0.5302325581395348
0.46192660550458714
0.5654761904761905
0.5415
0.5267326732673268
0.6035294117647059
0.5412790697674419
0.4195833333333333
0.5782608695652174
0.5397727272727273
0.504320987654321
0.6275229357798165
0.6253164556962025
0.5085858585858586
0.45637254901960783
0.40091743119266054
0.605625
0.541588785046729
0.6066265060240964
0.5255319148936171
0.3931034482758621
0.5480769230769231
0.6435483870967742
0.6132911392405064
0.49176470588235294
0.5967948717948718
0.5805555555555556
0.4465
0.6424460431654676
0.5923529411764706
0.602112676056338
0.6125
0.57
0.6071428571428571
0.5619718309859155
0.5885869565217391
0.5476470588235294
0.3572
0.46282051282051284
0.6045454545454545
0.5994047619047619
0.5864197530864198
0.6220238095238095
0.475
0.5
0.665
0.6747663551401869
0.4547008547008547
0.5726027397260274
0.6038135593220338
0.7192857142857143
0.579047619047619
0.4698924731182796
0.5887323943661972
0.5036144578313253
0.6506849315068494
0.5588235294117647
0.363671875
0.6008547008547008
0.5573333333333333
0.5202380952380953
0.6246575342465753
0.5618279569892473
0.4523809523809524
0.6207920792079208
0.6201388888888889
0.5360714285714285
0.60859375
0.5792682926829268
0.6685185185185185
0.5948598130841122
0.5172222222222222
0.5268181818181819
0.5202380952380953
0.405982905982906
0.5675324675324676
0.5244791666666667
0.38
0.5551948051948052
0.6075581395348837
0.5625
0.5676829268292682
0.5792682926829268
0.5965116279069768
0.5721590909090909
0.49137931034482757
0.5805555555555556
0.6896296296296296
0.5115384615384615
0.5905405405405405
0.46510416666666665
0.5654761904761905
0.6797413793103448
0.5973484848484848
0.5302325581395348
0.6154929577464788
0.5772151898734177
0.5837349397590361
0.57
0.5605
0.5974226804123711
0.4636904761904762
0.5875
0.5792682926829268
0.5683760683760684
0.7209821428571429
0.6359504132231405
0.5827731092436975
0.7233944954128441
0.625609756097561
0.7011904761904761
0.525
0.5746913580246914
0.5523255813953488
0.7438679245283019
0.546969696969697
0.5225
0.643801652892562
0.5588235294117647
0.375
0.5764044943820225
0.629054054054054
0.572289156626506
0.5150602409638554
0.5266304347826087
0.5053191489361702
0.5792682926829268
0.5172222222222222
0.5531645569620253
0.5654761904761905
0.59375
0.5805555555555556
0.5541666666666667
0.5375
0.5092783505154639
0.4465
0.61
0.5337078651685393
0.5951807228915663
0.5225
0.6421296296296296
0.6333333333333333
0.5746913580246914
0.6690140845070423
0.5922077922077922
0.6801136363636363
0.5191860465116279
0.6033783783783784
0.597752808988764
0.6901709401709402
0.6
0.5967948717948718
0.6045454545454545
0.6371951219512195
0.5675324675324676
0.7375
0.55
0.3735042735042735
0.6279661016949153
0.5531645569620253
0.5036144578313253
0.596694214876033
0.6333333333333333
0.5059782608695652
0.49137931034482757
0.6368131868131868
0.5908536585365853
0.6690140845070423
0.5721590909090909
0.48579545454545453
0.4166666666666667
0.4470588235294118
0.5746913580246914
0.5648648648648649
0.5369565217391304
0.521978021978022
0.5202380952380953
0.5986301369863014
0.59375
0.452803738317757
0.6955357142857143
0.57
0.5241379310344828
0.5465753424657535
0.7242574257425742
0.6175
0.69765625
0.6566176470588235
0.5267326732673268
0.7381756756756757
0.6487804878048781
0.5369565217391304
0.5901515151515152
0.5397727272727273
0.34545454545454546
0.6045454545454545
0.48579545454545453
0.3073529411764706
0.5846153846153846
0.6678217821782179
0.36801801801801803
0.5602564102564103
0.6171532846715329
0.6216049382716049
